yosys_slang,regress-vlg_signed6_iv
yosys_slang,asicworld_code_hdl_models_mux_using_case
yosys_slang,simple_non_idx_part_select_sim
yosys_slang,simple_unpack_stream_sim
yosys_slang,regress-vlg_module_output_port_list_def_iv
yosys_slang,regress-vlg_delay2_iv
yosys_slang,regress-vlg_pr1903520_iv
yosys_slang,regress-vlg_pr2974294_iv
yosys_slang,binary_op_bit_xor
yosys_slang,regress-sv_br_gh411_iv
yosys_slang,simple_generate
yosys_slang,regress-vlg_integer3gt_iv
yosys_slang,regress-sv_sv_macro3a_iv
yosys_slang,parameter_range
yosys_slang,number_test_26
yosys_slang,div_operator_sim_0
yosys_slang,regress-sv_sv_typedef_array_base2_iv
yosys_slang,regress-vlg_pr699_iv
yosys_slang,regress-vlg_pr1876798_iv
yosys_slang,regress-vlg_pr1983762_iv
yosys_slang,bsg_misc_BaseJumpSTL_bsg_xnor
yosys_slang,bsg_mem_BaseJumpSTL_bsg_mem_1r1w_sync_mask_write_bit
yosys_slang,bsg_mem_BaseJumpSTL_bsg_mem_1r1w_sync_synth
yosys_slang,bsg_dataflow_BaseJumpSTL_bsg_ready_to_credit_flow_converter
yosys_slang,bsg_mem_BaseJumpSTL_bsg_mem_1r1w_sync_mask_write_var
yosys_slang,regress-vlg_pr1804877_iv
yosys_slang,regress-vlg_signed9_iv
yosys_slang,bsg_comm_link_BaseJumpSTL_bsg_source_sync_input
yosys_slang,regress-sv_parpkg_test3_iv
yosys_slang,string_concat_op
yosys_slang,regress-vlg_string5_iv
yosys_slang,assert0_test
yosys_slang,bsg_test_BaseJumpSTL_bsg_nonsynth_ascii_writer
yosys_slang,regress-synth_conditsynth1_iv
yosys_slang,regress-vlg_macro_comment2_iv
yosys_slang,bsg_async_BaseJumpSTL_bsg_launch_sync_sync
yosys_slang,class_member_test_2
yosys_slang,bsg_async_BaseJumpSTL_bsg_sync_sync
yosys_slang,rising_gclk_function
yosys_slang,log_shr_assignment_sim_0
yosys_slang,regress-vlg_br_gh99a_iv
yosys_slang,regress-vlg_contrib85_iv
yosys_slang,string_toupper
yosys_slang,event_or_op
yosys_slang,simple_func_recurse
yosys_slang,regress-vlg_many_drivers_iv
yosys_slang,class_test_11
yosys_slang,regress-vlg_pr3104254_iv
yosys_slang,simple_dff_init
yosys_slang,regress-vlg_drive_strength1_iv
yosys_slang,integer_signed_bit
yosys_slang,set_member_sim
yosys_slang,regress-sv_br_gh437_iv
yosys_slang,regress-vlg_parameter_1bit_iv
yosys_slang,regress-sv_br_gh801b_iv
yosys_slang,regress-vlg_br960b_iv
yosys_slang,onehot_function
yosys_slang,ordering-methods-shuffle
yosys_slang,regress-vlg_pr2885048_iv
yosys_slang,regress-vlg_unary_nand_iv
yosys_slang,regress-sv_implicitport4_iv
yosys_slang,typedef_test_13
yosys_slang,regress-sv_br1003b_iv
yosys_slang,regress-vlg_pr993_iv
yosys_slang,simple_always01
yosys_slang,function_recursive
yosys_slang,simple_mul_operator_sim
yosys_slang,regress-vlg_casex39C_iv
yosys_slang,number_test_61
yosys_slang,regress-vlg_pr2306259_iv
yosys_slang,bit_and_operator_sim_1
yosys_slang,regress-synth_if_part_no_else_iv
yosys_slang,regress-sv_sv_class_prop_shadow1_iv
yosys_slang,regress-vlg_br605a_iv
yosys_slang,regress-vlg_pr1695322_iv
yosys_slang,packed-and-unsigned-structures
yosys_slang,number_test_49
yosys_slang,regress-sv_sv_class_property_signed4_iv
yosys_slang,asicworld_code_verilog_tutorial_fsm_full
yosys_slang,regress-vlg_integer1lt_iv
yosys_slang,begin-keywords
yosys_slang,class_member_test_32
yosys_slang,binary_op_bit_xnor
yosys_slang,string_copy
yosys_slang,regress-sv_sv_class9_iv
yosys_slang,log10_function
yosys_slang,sin_function
yosys_slang,unary_op_not_log
yosys_slang,simple_eq_xz_operator_sim
yosys_slang,regress-vlg_modulus2_iv
yosys_slang,regress-vlg_pr1629683_iv
yosys_slang,gt_operator_sim_0
yosys_slang,regress-vlg_pr842_iv
yosys_slang,regress-vlg_pr224_iv
yosys_slang,regress-vlg_fscanf_u_warn_iv
yosys_slang,regress-vlg_pr3592746_iv
yosys_slang,ordering-methods-sort
yosys_slang,bsg_mem_BaseJumpSTL_bsg_mem_1r1w_sync_from_1rw_sync
yosys_slang,regress-vlg_wait1_iv
yosys_slang,bsg_test_BaseJumpSTL_bsg_nonsynth_random_gen
yosys_slang,simple_process
yosys_slang,regress-sv_sv_typedef_darray_base2_iv
yosys_slang,regress-sv_sv_unpacked_wire2_iv
yosys_slang,bsg_mem_BaseJumpSTL_bsg_cam_1r1w_tag_array
yosys_slang,regress-vlg_pr2428890_iv
yosys_slang,event_comma_op
yosys_slang,regress-vlg_pr3284821_iv
yosys_slang,regress-vlg_pr2018305_iv
yosys_slang,regress-vlg_porttest2_iv
yosys_slang,regress-vlg_initmod_iv
yosys_slang,arith_shift_signed
yosys_slang,regress-sv_size_cast2_iv
yosys_slang,regress-sv_sv_var_function_iv
yosys_slang,regress-sv_sv_typedef_chained_iv
yosys_slang,regress-vlg_pr1587669_iv
yosys_slang,regress-sv_sv_darray_function_iv
yosys_slang,wildcard_const_operator_sim_5
yosys_slang,regress-sv_sv_typedef_darray_base3_iv
yosys_slang,regress-vlg_pr2725700c_iv
yosys_slang,regress-sv_sv_darray_assign2_iv
yosys_slang,regress-vlg_force_release_wire8_pv_iv
yosys_slang,sva_extnets
yosys_slang,asicworld_code_verilog_tutorial_decoder
yosys_slang,asicworld_code_tidbits_reg_combo_example
yosys_slang,regress-vlg_br_gh345_iv
yosys_slang,regress-sv_br_gh461_iv
yosys_slang,regress-vlg_pr2172606_iv
yosys_slang,regress-vlg_sdw_assign_iv
yosys_slang,bsg_comm_link_BaseJumpSTL_bsg_source_sync_channel_control_slave
yosys_slang,regress-vlg_task_inpad_iv
yosys_slang,initial
yosys_slang,regress-vlg_pr1868792_iv
yosys_slang,simple_idx_neg_part_select_sim
yosys_slang,regress-sv_sv_class6_iv
yosys_slang,simple_signedexpr
yosys_slang,regress-vlg_sdf4_iv
yosys_slang,typedef_test_9
yosys_slang,bsg_misc_BaseJumpSTL_bsg_mux_one_hot
yosys_slang,iface_class_test_1
yosys_slang,regress-sv_sv_package4_iv
yosys_slang,regress-vlg_sdw_instmod2_iv
yosys_slang,asicworld_code_hdl_models_encoder_4to2_gates
yosys_slang,regress-vlg_pr2139593_iv
yosys_slang,attributes-variable
yosys_slang,regress-sv_function12_iv
yosys_slang,regress-vlg_pr2166188_iv
yosys_slang,regress-sv_struct7_iv
yosys_slang,regress-vlg_force_release_wire_pv_iv
yosys_slang,localparam
yosys_slang,regress-vlg_fork1_iv
yosys_slang,regress-sv_function10_iv
yosys_slang,simple_unary_op_nor
yosys_slang,bsg_mem_BaseJumpSTL_bsg_mem_1rw_sync
yosys_slang,regress-vlg_lh_catadd_iv
yosys_slang,regress-vlg_mangle_1_iv
yosys_slang,number_test_67
yosys_slang,regress-sv_undef_lval_select_SV_iv
yosys_slang,asicworld_code_verilog_tutorial_mux_21
yosys_slang,regress-vlg_disp_dec_iv
yosys_slang,regress-vlg_varrshft1_iv
yosys_slang,bsg_misc_BaseJumpSTL_bsg_nor3
yosys_slang,implicit_port
yosys_slang,xor_assignment_sim_1
yosys_slang,integer_unsigned_byte
yosys_slang,and_assignment_sim_1
yosys_slang,number_test_28
yosys_slang,regress-vlg_assign_delay_iv
yosys_slang,regress-vlg_pullupdown_iv
yosys_slang,regress-vlg_attrib03_parameter_iv
yosys_slang,simple_signed_full_slice
yosys_slang,regress-vlg_readmemh1_iv
yosys_slang,regress-sv_always_ff_iv
yosys_slang,regress-vlg_pr1912843_iv
yosys_slang,asicworld_code_hdl_models_cam
yosys_slang,regress-vlg_pr2169870_iv
yosys_slang,regress-sv_br974b_iv
yosys_slang,regress-vlg_pr584_iv
yosys_slang,regress-sv_two_state_display_iv
yosys_slang,bsg_misc_BaseJumpSTL_bsg_transpose_reduce
yosys_slang,number_test_48
yosys_slang,associative-arrays-allocating-elements
yosys_slang,typedef_test_20
yosys_slang,regress-vlg_pr1676836_iv
yosys_slang,regress-sv_simple_shortint_iv
yosys_slang,regress-sv_sv_darray7_iv
yosys_slang,bsg_misc_BaseJumpSTL_bsg_array_concentrate_static
yosys_slang,regress-vlg_pr1777103_iv
yosys_slang,regress-vlg_test_mos_strength_reduction_iv
yosys_slang,localparam_int
yosys_slang,regress-sv_sv_root_func_iv
yosys_slang,regress-vlg_modparam_iv
yosys_slang,regress-vlg_br_gh99t_iv
yosys_slang,associative-arrays-first
yosys_slang,regress-vlg_readmemh1a_iv
yosys_slang,regress-vlg_pr1992244_iv
yosys_slang,regress-vlg_pr1885847_iv
yosys_slang,regress-vlg_lh_varindx4_iv
yosys_slang,memories-basic
yosys_slang,dynamic-arrays-op-delete
yosys_slang,regress-vlg_event_list_iv
yosys_slang,regress-vlg_pr243_iv
yosys_slang,number_test_0
yosys_slang,regress-vlg_pr1589497_iv
yosys_slang,regress-synth_case4_iv
yosys_slang,dynamic-arrays-op-new
yosys_slang,number_test_7
yosys_slang,regress-sv_sv_class_empty_item_iv
yosys_slang,regress-vlg_ptest010_iv
yosys_slang,regress-sv_assign_op_type_iv
yosys_slang,regress-vlg_unary_and_iv
yosys_slang,regress-vlg_tern9_iv
yosys_slang,regress-sv_sv_typedef_scope3_iv
yosys_slang,regress-sv_ubyte_test_iv
yosys_slang,typedef_test_23
yosys_slang,regress-vlg_pr3306516_iv
yosys_slang,regress-vlg_memport_bs_iv
yosys_slang,memories_read_arst
yosys_slang,regress-vlg_br_gh508b_iv
yosys_slang,regress-sv_sv_timeunit_prec1_iv
yosys_slang,regress-sv_sv_class_return_iv
yosys_slang,regress-vlg_pullupdown3_iv
yosys_slang,regress-sv_sv_queue3_iv
yosys_slang,regress-vlg_pr1719055_iv
yosys_slang,regress-vlg_pr1868991a_iv
yosys_slang,regress-sv_sv_for_variable_iv
yosys_slang,binary_op_log_shr
yosys_slang,bsg_dataflow_BaseJumpSTL_bsg_channel_narrow
yosys_slang,regress-sv_sv_queue_parray_bounded_iv
yosys_slang,regress-sv_sv_package_iv
yosys_slang,regress-sv_sv_port_default1_iv
yosys_slang,regress-sv_localparam_implicit_iv
yosys_slang,regress-sv_test_inc_dec_iv
yosys_slang,regress-vlg_pr3054101c_iv
yosys_slang,equality_operator_sim_24
yosys_slang,define-directive
yosys_slang,simple_module_scope
yosys_slang,simple_div_operator_sim
yosys_slang,regress-sv_br974c_iv
yosys_slang,regress-vlg_varlsfht1_iv
yosys_slang,regress-vlg_pr136_iv
yosys_slang,regress-sv_sv_ps_type_expr2_iv
yosys_slang,number_test_69
yosys_slang,regress-vlg_select2_iv
yosys_slang,regress-vlg_pr722_iv
yosys_slang,regress-sv_bitp1_iv
yosys_slang,mod_operator_sim_1
yosys_slang,regress-vlg_sdw_always1_iv
yosys_slang,regress-vlg_pr1867332_iv
yosys_slang,binary_op_mul
yosys_slang,regress-sv_bits3_iv
yosys_slang,diamond_relationship
yosys_slang,number_test_64
yosys_slang,div_assignment_sim_0
yosys_slang,memories_firrtl_938
yosys_slang,regress-vlg_br_gh674_iv
yosys_slang,regress-vlg_comp1001_fail3_iv
yosys_slang,regress-vlg_posedge_iv
yosys_slang,regress-vlg_pr1489570_iv
yosys_slang,regress-vlg_pr1661640_iv
yosys_slang,bsg_misc_BaseJumpSTL_bsg_adder_cin
yosys_slang,regress-vlg_sdw_dsbl_iv
yosys_slang,regress-vlg_br960c_iv
yosys_slang,nettype
yosys_slang,cont_assignment_strength_highz1_pull0
yosys_slang,regress-vlg_pr2146620b_iv
yosys_slang,operations-on-packed-arrays-rw
yosys_slang,regress-sv_sv_darray_copy_empty3_iv
yosys_slang,regress-sv_sv_ap_struct2_iv
yosys_slang,bsg_dataflow_BaseJumpSTL_bsg_fifo_1r1w_pseudo_large
yosys_slang,regress-vlg_porttest7_iv
yosys_slang,regress-synth_br_gh99x_iv
yosys_slang,regress-sv_br_gh112c_iv
yosys_slang,integer_signed_longint
yosys_slang,integer_reg
yosys_slang,simple_usb_phy_tests
yosys_slang,regress-vlg_unary_or_iv
yosys_slang,regress-vlg_pr1695309_iv
yosys_slang,number_test_71
yosys_slang,regress-vlg_signed3_iv
yosys_slang,regress-vlg_br930_iv
yosys_slang,integer_unsigned_reg
yosys_slang,priority_casex
yosys_slang,multi_dim_array_addressing
yosys_slang,regress-vlg_wiresub1_iv
yosys_slang,le_operator_sim_0
yosys_slang,asicworld_code_verilog_tutorial_good_code
yosys_slang,regress-sv_sv_ps_function6_iv
yosys_slang,regress-synth_casesynth4_iv
yosys_slang,regress-sv_sv_typedef_array_base4_iv
yosys_slang,regress-sv_br1027d_iv
yosys_slang,regress-vlg_wiresl2_iv
yosys_slang,bsg_mem_BaseJumpSTL_bsg_nonsynth_mem_1rw_sync_mask_write_byte_dma
yosys_slang,bsg_mem_BaseJumpSTL_bsg_cam_1r1w_replacement
yosys_slang,regress-vlg_automatic_task_iv
yosys_slang,plus_operator_sim_1
yosys_slang,regress-vlg_pr1898983_iv
yosys_slang,bsg_misc_BaseJumpSTL_bsg_dff_gatestack
yosys_slang,regress-vlg_param_and2_iv
yosys_slang,regress-sv_pr3534333_iv
yosys_slang,regress-vlg_pr602_iv
yosys_slang,regress-vlg_readmemb2_iv
yosys_slang,regress-vlg_time1_iv
yosys_slang,regress-vlg_pic_iv
yosys_slang,regress-sv_sv_var_module_input1_iv
yosys_slang,regress-sv_br1005_iv
yosys_slang,regress-vlg_br931_iv
yosys_slang,bsg_tag_BaseJumpSTL_bsg_tag_master_decentralized
yosys_slang,regress-vlg_function9_iv
yosys_slang,regress-vlg_pr1694427_iv
yosys_slang,enum_name
yosys_slang,past_gclk_function
yosys_slang,regress-vlg_pr2722330b_iv
yosys_slang,regress-sv_br_gh4a_iv
yosys_slang,array_addressing
yosys_slang,regress-sv_sv_foreach5_iv
yosys_slang,regress-vlg_force317C_iv
yosys_slang,regress-sv_enum_next_iv
yosys_slang,regress-vlg_always314G_iv
yosys_slang,asicworld_code_hdl_models_up_counter_load
yosys_slang,regress-vlg_pr3011327_iv
yosys_slang,regress-sv_br_gh281b_iv
yosys_slang,regress-vlg_event_list3_iv
yosys_slang,enum_sequence_range
yosys_slang,regress-sv_sv_class7_iv
yosys_slang,bsg_noc_BaseJumpSTL_bsg_wormhole_router_adapter_in
yosys_slang,logical_impl_operator_sim_1
yosys_slang,stable_gclk_function
yosys_slang,regress-vlg_pr3064511_iv
yosys_slang,regress-sv_package_vec_part_select_iv
yosys_slang,bsg_misc_BaseJumpSTL_bsg_crossbar_control_basic_o_by_i
yosys_slang,equality_operator_sim_2
yosys_slang,bsg_misc_BaseJumpSTL_bsg_expand_bitmask
yosys_slang,regress-vlg_timescale2_iv
yosys_slang,regress-sv_enum_method_signed3_iv
yosys_slang,regress-sv_sv_queue1_iv
yosys_slang,regress-sv_br_gh243_iv
yosys_slang,simple_neq_operator_sim
yosys_slang,regress-vlg_pr1960596_iv
yosys_slang,equality_operator_sim_16
yosys_slang,regress-vlg_scanf3_iv
yosys_slang,regress-vlg_pr1755629_iv
yosys_slang,regress-vlg_bufif_iv
yosys_slang,bsg_async_BaseJumpSTL_bsg_async_fifo
yosys_slang,local_scope_resolution_0
yosys_slang,bsg_misc_BaseJumpSTL_bsg_level_shift_up_down_sink
yosys_slang,regress-vlg_pr1662508_iv
yosys_slang,regress-vlg_dcomp1_iv
yosys_slang,regress-sv_struct6_iv
yosys_slang,regress-vlg_br1008_iv
yosys_slang,regress-sv_br_gh418_iv
yosys_slang,regress-vlg_task314B_iv
yosys_slang,regress-vlg_test_notif0_iv
yosys_slang,regress-sv_array_unpacked_sysfunct_iv
yosys_slang,regress-vlg_ptest006_iv
yosys_slang,simple_forgen02
yosys_slang,regress-vlg_attrib05_port_conn_iv
yosys_slang,bsg_noc_BaseJumpSTL_bsg_wormhole_concentrator
yosys_slang,bsg_misc_BaseJumpSTL_bsg_counter_set_down
yosys_slang,regress-vlg_test_rpmos_iv
yosys_slang,mod_assignment_sim_1
yosys_slang,class_test_4
yosys_slang,regress-vlg_pr1650842_iv
yosys_slang,regress-vlg_pr2913438b_iv
yosys_slang,regress-sv_always_comb_rfunc_iv
yosys_slang,bsg_cache_BaseJumpSTL_bsg_cache_to_test_dram
yosys_slang,regress-sv_sv_assign_pattern_concat_iv
yosys_slang,regress-sv_br_gh388_iv
yosys_slang,bsg_dataflow_BaseJumpSTL_bsg_fifo_shift_datapath
yosys_slang,simple_genblk_dive
yosys_slang,regress-vlg_macro_redefinition_iv
yosys_slang,simple_task_func
yosys_slang,regress-sv_packeda2_iv
yosys_slang,ln_function
yosys_slang,regress-vlg_test_width_iv
yosys_slang,regress-synth_casesynth6_iv
yosys_slang,integers-token
yosys_slang,regress-vlg_negative_genvar_iv
yosys_slang,regress-vlg_else1_iv
yosys_slang,bsg_dataflow_BaseJumpSTL_bsg_one_fifo
yosys_slang,always_ff
yosys_slang,regress-sv_sv_class5_iv
yosys_slang,xor_assignment
yosys_slang,equality_operator_sim_4
yosys_slang,regress-sv_sv_port_default8_iv
yosys_slang,regress-vlg_sel_rval_bit_ob_iv
yosys_slang,equality_operator_sim_10
yosys_slang,regress-vlg_ptest001_iv
yosys_slang,regress-vlg_string11_iv
yosys_slang,regress-sv_enum_method_signed2_iv
yosys_slang,bsg_dataflow_BaseJumpSTL_bsg_fifo_1rw_large
yosys_slang,regress-vlg_pr1745005_iv
yosys_slang,regress-vlg_pr3054101d_iv
yosys_slang,22.5.1--define_and_resetall
yosys_slang,regress-sv_sv_class_method_var_init_iv
yosys_slang,regress-sv_parameter_type2_iv
yosys_slang,simple_subbytes
yosys_slang,bsg_misc_BaseJumpSTL_bsg_imul_iterative
yosys_slang,empty_string_sim
yosys_slang,regress-vlg_br960d_iv
yosys_slang,bsg_noc_BaseJumpSTL_bsg_mesh_router_buffered
yosys_slang,regress-vlg_attrib02_port_decl_iv
yosys_slang,regress-synth_basicreg_iv
yosys_slang,regress-vlg_pr2146824_iv
yosys_slang,regress-sv_sv_darray_copy_empty4_iv
yosys_slang,regress-sv_sv_class20_iv
yosys_slang,regress-vlg_param_test1_iv
yosys_slang,regress-sv_sv_union3b_iv
yosys_slang,event_blocking_assignment_delay
yosys_slang,assume_property_test
yosys_slang,asicworld_code_hdl_models_full_adder_gates
yosys_slang,regress-vlg_br_gh99q_iv
yosys_slang,mul_assignment_sim_0
yosys_slang,regress-vlg_br_gh827_iv
yosys_slang,regress-sv_iint_test_iv
yosys_slang,regress-vlg_integer2le_iv
yosys_slang,regress-sv_assign_op_after_cmp2_iv
yosys_slang,regress-vlg_pr2883958_iv
yosys_slang,logical_impl_operator_sim_0
yosys_slang,prot_from_inside
yosys_slang,number_test_45
yosys_slang,tanh_function
yosys_slang,regress-vlg_schedule_iv
yosys_slang,const_function
yosys_slang,regress-vlg_ptest007_iv
yosys_slang,regress-vlg_br_gh127c_iv
yosys_slang,bsg_dataflow_BaseJumpSTL_bsg_channel_tunnel_wormhole
yosys_slang,bsg_fpu_BaseJumpSTL_bsg_fpu_clz
yosys_slang,sinh_function
yosys_slang,bsg_misc_BaseJumpSTL_bsg_counter_dynamic_limit
yosys_slang,priority_if
yosys_slang,simple_attrib03_parameter
yosys_slang,unary_op_and
yosys_slang,bsg_comm_link_BaseJumpSTL_bsg_source_sync_channel_control_master
yosys_slang,exp_function
yosys_slang,regress-vlg_pr3039548_iv
yosys_slang,integer_shortint
yosys_slang,regress-sv_sv_class15_iv
yosys_slang,regress-vlg_pr2909386b_iv
yosys_slang,parameter_dep
yosys_slang,regress-vlg_pr856_iv
yosys_slang,unsigned_func_sim
yosys_slang,regress-vlg_pr1515168_iv
yosys_slang,simple_vloghammer
yosys_slang,regress-sv_sv_enum1_iv
yosys_slang,regress-vlg_pr2715558_iv
yosys_slang,asicworld_code_tidbits_nonblocking
yosys_slang,binary_op_log_eq
yosys_slang,simple_equiv_logical_operator_sim
yosys_slang,minus_assignment_sim_0
yosys_slang,regress-sv_module_port_typedef_vector_iv
yosys_slang,regress-sv_sv_export6_iv
yosys_slang,regress-sv_size_cast4_iv
yosys_slang,regress-vlg_pr2974216_iv
yosys_slang,regress-vlg_module_output_port_var1_iv
yosys_slang,implicit_port_connection
yosys_slang,regress-sv_sv_end_labels_iv
yosys_slang,bsg_mem_BaseJumpSTL_bsg_mem_2rw_sync
yosys_slang,number_test_32
yosys_slang,regress-vlg_pr1489568_iv
yosys_slang,class_test_17
yosys_slang,binary_op_mod
yosys_slang,event_implicit
yosys_slang,integer_signed_int
yosys_slang,regress-vlg_br_gh632_iv
yosys_slang,regress-vlg_pr1717361_iv
yosys_slang,regress-vlg_pr528b_iv
yosys_slang,regress-vlg_shift_pad_iv
yosys_slang,ungetc_function
yosys_slang,regress-vlg_br_gh283a_iv
yosys_slang,regress-vlg_function311F_iv
yosys_slang,regress-vlg_multi_driver_delay_iv
yosys_slang,implicit_continuous_assignment
yosys_slang,regress-vlg_constfunc1_iv
yosys_slang,regress-vlg_pr1022_iv
yosys_slang,regress-sv_task_scope2_iv
yosys_slang,bsg_dataflow_BaseJumpSTL_bsg_serial_in_parallel_out_passthrough
yosys_slang,regress-vlg_pr445_iv
yosys_slang,regress-vlg_initmod2_iv
yosys_slang,memories_wide_read_async
yosys_slang,localparam_type_decl
yosys_slang,regress-sv_br_gh219_iv
yosys_slang,regress-vlg_urand_r2_iv
yosys_slang,implicit_external_constraint_0
yosys_slang,bitstream_cast
yosys_slang,var_protected
yosys_slang,regress-vlg_task_scope_iv
yosys_slang,regress-vlg_pr1701855_iv
yosys_slang,regress-vlg_stask_parm2_iv
yosys_slang,idx_pos_part_select
yosys_slang,regress-sv_sv_typedef_fwd_class_iv
yosys_slang,regress-vlg_vvp_scalar_value_iv
yosys_slang,equality_operator_sim_17
yosys_slang,unique0_case
yosys_slang,simple_log_shr_operator_sim
yosys_slang,regress-vlg_gen_case_opt3_iv
yosys_slang,regress-vlg_br_gh198_iv
yosys_slang,regress-synth_casesynth9_iv
yosys_slang,regress-vlg_unary_nor_iv
yosys_slang,regress-vlg_pr2018235b_iv
yosys_slang,regress-vlg_pr1699444_iv
yosys_slang,regress-vlg_pr142_iv
yosys_slang,regress-vlg_pr1380261_iv
yosys_slang,assign_in_exp_sim
yosys_slang,regress-vlg_pr757_iv
yosys_slang,regress-vlg_ldelay3_iv
yosys_slang,regress-vlg_pr530a_iv
yosys_slang,regress-vlg_macsub_iv
yosys_slang,bsg_misc_BaseJumpSTL_bsg_mul_add_unsigned
yosys_slang,bsg_cache_BaseJumpSTL_bsg_cache_to_axi_tx
yosys_slang,regress-synth_not_a_latch1_iv
yosys_slang,regress-vlg_nb_ec_concat_iv
yosys_slang,regress-vlg_varrshft2_iv
yosys_slang,regress-vlg_pr718_iv
yosys_slang,regress-vlg_pr2076363_iv
yosys_slang,bsg_cache_BaseJumpSTL_bsg_cache_to_test_dram_rx_reorder
yosys_slang,regress-vlg_neq1_iv
yosys_slang,regress-vlg_con_tri_iv
yosys_slang,regress-vlg_pr2076391_iv
yosys_slang,asicworld_code_tidbits_asyn_reset
yosys_slang,let_construct
yosys_slang,random_weighted_case_randcase_2
yosys_slang,regress-sv_sv_queue_method_signed4_iv
yosys_slang,regress-vlg_pr2233192c_iv
yosys_slang,module_definition
yosys_slang,regress-vlg_pr2305307b_iv
yosys_slang,regress-vlg_pr585_iv
yosys_slang,simple_genblk_port_shadow
yosys_slang,string_compare_fn
yosys_slang,regress-vlg_pr1799904_iv
yosys_slang,regress-vlg_varlsfht_iv
yosys_slang,regress-sv_br1003c_iv
yosys_slang,regress-vlg_nb_ec_multi_ev_iv
yosys_slang,regress-sv_sv_queue_parray_iv
yosys_slang,regress-vlg_pr1570635b_iv
yosys_slang,bsg_mem_BaseJumpSTL_bsg_nonsynth_mem_1r1w_sync_dma
yosys_slang,bsg_misc_BaseJumpSTL_bsg_priority_encode
yosys_slang,regress-sv_enum_elem_ranges_iv
yosys_slang,regress-vlg_casez310A_iv
yosys_slang,regress-vlg_test_dispwided_iv
yosys_slang,equality_operator_sim_18
yosys_slang,regress-vlg_br_gh127a_iv
yosys_slang,regress-vlg_signed7_iv
yosys_slang,regress-vlg_pr509_iv
yosys_slang,number_test_31
yosys_slang,associative-arrays-last
yosys_slang,bsg_dataflow_BaseJumpSTL_bsg_serial_in_parallel_out_dynamic
yosys_slang,implication_0
yosys_slang,functions_in_constraints_0
yosys_slang,regress-synth_case7_iv
yosys_slang,simple_unary_op_nand
yosys_slang,regress-sv_recursive_func_const2_iv
yosys_slang,regress-vlg_landor1_iv
yosys_slang,regress-vlg_pr1697250_iv
yosys_slang,random_weighted_case_randcase_0
yosys_slang,regress-vlg_pr434_iv
yosys_slang,regress-sv_uint_test_iv
yosys_slang,regress-sv_pr3366217h_iv
yosys_slang,regress-sv_br_gh498_iv
yosys_slang,bsg_link_BaseJumpSTL_bsg_link_isdr_phy
yosys_slang,regress-vlg_pr245_iv
yosys_slang,regress-vlg_signed13_iv
yosys_slang,bsg_dataflow_BaseJumpSTL_bsg_1_to_n_tagged
yosys_slang,cover0_test
yosys_slang,operations-on-arrays-treat-as-integer
yosys_slang,bsg_mem_BaseJumpSTL_bsg_mem_2rw_sync_synth
yosys_slang,typedef_test_21
yosys_slang,memories_implicit_en
yosys_slang,regress-sv_br_gh386b_iv
yosys_slang,regress-vlg_pr2181249_iv
yosys_slang,simple_const_fold_func
yosys_slang,equality_operator_sim_9
yosys_slang,bsg_misc_BaseJumpSTL_bsg_idiv_iterative
yosys_slang,regress-sv_br_ml20171017_iv
yosys_slang,regress-sv_br932b_iv
yosys_slang,cont_assignment_strength_strong1_supply0
yosys_slang,regress-vlg_pr990_iv
yosys_slang,regress-vlg_tern10_iv
yosys_slang,regress-vlg_module312A_iv
yosys_slang,onehot0_function
yosys_slang,regress-vlg_pr2974216b_iv
yosys_slang,regress-vlg_br_gh99r_iv
yosys_slang,bsg_test_BaseJumpSTL_bsg_nonsynth_reset_gen
yosys_slang,regress-vlg_pr2138682_iv
yosys_slang,property_iff_test
yosys_slang,regress-vlg_repeat_expr_probe_iv
yosys_slang,regress-vlg_test_nmos_iv
yosys_slang,regress-sv_br_gh366_iv
yosys_slang,regress-vlg_pr1007_iv
yosys_slang,equality_operator_sim_1
yosys_slang,regress-vlg_pr1913918a_iv
yosys_slang,regress-vlg_prng_iv
yosys_slang,number_test_70
yosys_slang,wildcard_operator_sim_4
yosys_slang,regress-vlg_pr2470181a_iv
yosys_slang,regress-synth_case5_iv
yosys_slang,regress-sv_module_nonansi_struct2_iv
yosys_slang,class_test_62
yosys_slang,bsg_link_BaseJumpSTL_bsg_link_osdr_phy_phase_align
yosys_slang,unary_op_xnor_2
yosys_slang,regress-vlg_pr3044843_iv
yosys_slang,bsg_noc_BaseJumpSTL_bsg_wormhole_router
yosys_slang,associative-arrays-string
yosys_slang,regress-sv_sv_darray_oob_vec4_iv
yosys_slang,regress-vlg_meminit_iv
yosys_slang,regress-vlg_sdw_instmod1_iv
yosys_slang,typedef_test_3
yosys_slang,regress-vlg_unary_xnor1_iv
yosys_slang,regress-sv_br_gh4_iv
yosys_slang,regress-vlg_include2_iv
yosys_slang,regress-vlg_task_port_size_iv
yosys_slang,regress-vlg_casex39A_iv
yosys_slang,regress-vlg_pr572b_iv
yosys_slang,logical_equiv_operator_sim_3
yosys_slang,logical_operator_sim_0
yosys_slang,regress-vlg_comp1001_fail4_iv
yosys_slang,bsg_dataflow_BaseJumpSTL_bsg_fifo_tracker
yosys_slang,regress-vlg_br_gh13_iv
yosys_slang,sva_sva_range
yosys_slang,regress-vlg_pr2138979_iv
yosys_slang,number_test_72
yosys_slang,regress-sv_sv_typedef_fwd_union_iv
yosys_slang,regress-vlg_br972_iv
yosys_slang,regress-vlg_scope2_iv
yosys_slang,regress-vlg_fread_iv
yosys_slang,regress-sv_enum_values_iv
yosys_slang,regress-sv_sv_class3_iv
yosys_slang,simple_attrib02_port_decl
yosys_slang,regress-vlg_task314F_iv
yosys_slang,regress-vlg_pr2909386a_iv
yosys_slang,regress-sv_sv_ap_parray1_iv
yosys_slang,regress-vlg_nblkorder_iv
yosys_slang,regress-sv_enum_test4_iv
yosys_slang,regress-vlg_bnot_iv
yosys_slang,regress-sv_sv_class_method_signed2_iv
yosys_slang,number_test_43
yosys_slang,regress-vlg_ldelay1_iv
yosys_slang,regress-sv_sv_queue_string_bounded_iv
yosys_slang,regress-vlg_dumpvars_iv
yosys_slang,bsg_dataflow_BaseJumpSTL_bsg_channel_tunnel
yosys_slang,minus_assignment_sim_1
yosys_slang,regress-vlg_case38B_iv
yosys_slang,dist_erlang_function
yosys_slang,mul_operator_sim_1
yosys_slang,pure_constraint_3
yosys_slang,regress-sv_sint_test_iv
yosys_slang,regress-vlg_param_select_iv
yosys_slang,regress-vlg_pr1449749a_iv
yosys_slang,regress-sv_sv_timeunit_prec2_iv
yosys_slang,simple_case_expr_const
yosys_slang,regress-vlg_pr528_iv
yosys_slang,typedef_test_25
yosys_slang,unary_op_minus
yosys_slang,regress-sv_sv_ps_member_sel3_iv
yosys_slang,regress-sv_parpkg_test_iv
yosys_slang,regress-vlg_pr673_iv
yosys_slang,regress-vlg_qmark5_iv
yosys_slang,log_shr_operator_sim_1
yosys_slang,simple_unary_op_plus
yosys_slang,number_test_9
yosys_slang,logical_operator_sim_5
yosys_slang,assignment_in_expression_sim
yosys_slang,regress-vlg_pr2922063_iv
yosys_slang,regress-vlg_signed_equality_iv
yosys_slang,regress-vlg_paramextend_iv
yosys_slang,class_member_test_25
yosys_slang,inherited_prot_from_inside
yosys_slang,regress-vlg_task_omemw2_iv
yosys_slang,regress-vlg_br_gh316b_iv
yosys_slang,bsg_dataflow_BaseJumpSTL_bsg_parallel_in_serial_out_passthrough
yosys_slang,regress-sv_sv_foreach7_iv
yosys_slang,mod_operator_sim_0
yosys_slang,arrays-packed-quering-functions-size
yosys_slang,regress-vlg_pr675_iv
yosys_slang,integer_unsigned_longint
yosys_slang,regress-vlg_memidxrng_iv
yosys_slang,bits_function
yosys_slang,regress-vlg_pr307a_iv
yosys_slang,regress-vlg_br_gh621_iv
yosys_slang,regress-sv_br_gh390b_iv
yosys_slang,regress-sv_sv_ps_var1_iv
yosys_slang,integer_signed_integer
yosys_slang,ordering-methods-rsort
yosys_slang,asicworld_code_verilog_tutorial_multiply
yosys_slang,bsg_dataflow_BaseJumpSTL_bsg_round_robin_2_to_2
yosys_slang,bsg_clk_gen_BaseJumpSTL_bsg_nonsynth_clk_watcher
yosys_slang,regress-synth_memsynth8_iv
yosys_slang,bsg_misc_BaseJumpSTL_bsg_strobe
yosys_slang,interface
yosys_slang,acosh_function
yosys_slang,regress-vlg_pr594_iv
yosys_slang,regress-sv_br_gh540_iv
yosys_slang,arith_shl_assignment
yosys_slang,class_test_51
yosys_slang,regress-sv_gh161b_iv
yosys_slang,bsg_misc_BaseJumpSTL_bsg_dff_reset_en
yosys_slang,simple_unary_op_and
yosys_slang,number_test_66
yosys_slang,regress-vlg_land4_iv
yosys_slang,regress-sv_struct5_iv
yosys_slang,regress-vlg_pr1072_iv
yosys_slang,bsg_dataflow_BaseJumpSTL_bsg_channel_tunnel_in
yosys_slang,simple_forloops
yosys_slang,regress-vlg_pr1694413_iv
yosys_slang,simple_unary_op_xor
yosys_slang,regress-vlg_mult16_iv
yosys_slang,regress-vlg_pr710_iv
yosys_slang,regress-vlg_pr2725700a_iv
yosys_slang,regress-vlg_br_gh30_iv
yosys_slang,unary_op_xnor_1
yosys_slang,assume_test
yosys_slang,regress-sv_array_packed_iv
yosys_slang,regress-vlg_br_gh244b_iv
yosys_slang,regress-vlg_automatic_task3_iv
yosys_slang,regress-sv_sv_typedef_fwd_enum2_iv
yosys_slang,regress-sv_sv_ps_type_enum1_iv
yosys_slang,regress-vlg_pr532_iv
yosys_slang,memories_issue00710
yosys_slang,regress-vlg_br_gh19b_iv
yosys_slang,regress-vlg_br_gh99k_iv
yosys_slang,regress-vlg_zero_repl_iv
yosys_slang,regress-sv_sv_port_default6_iv
yosys_slang,regress-vlg_pr1978358b_iv
yosys_slang,regress-vlg_pr1648365_iv
yosys_slang,regress-vlg_br918d_iv
yosys_slang,asinh_function
yosys_slang,fwrite_boh
yosys_slang,asicworld_code_hdl_models_decoder_2to4_gates
yosys_slang,simple_always03
yosys_slang,regress-vlg_ptest005_iv
yosys_slang,regress-vlg_module_nonansi_integer2_iv
yosys_slang,logical_impl_operator_sim_3
yosys_slang,regress-vlg_macro_comment1_iv
yosys_slang,regress-sv_implicitport7_iv
yosys_slang,regress-vlg_define1_iv
yosys_slang,regress-vlg_param_select3_iv
yosys_slang,regress-sv_struct8_iv
yosys_slang,regress-vlg_param_test2_iv
yosys_slang,regress-sv_parpkg_test2_iv
yosys_slang,simple_idx_select_sim
yosys_slang,regress-vlg_eq_iv
yosys_slang,regress-sv_sv_macro_iv
yosys_slang,package_decl
yosys_slang,regress-vlg_mangle_iv
yosys_slang,simple_unary_op_not_log
yosys_slang,regress-sv_enum_test2_iv
yosys_slang,repeat_loop
yosys_slang,equality_operator_sim_25
yosys_slang,always
yosys_slang,cont_assignment_strength_weak1_weak0
yosys_slang,sqrt_function
yosys_slang,regress-vlg_pr2233180c_iv
yosys_slang,regress-sv_struct_packed_sysfunct2_iv
yosys_slang,bounded-queues
yosys_slang,regress-sv_always_comb_void_func_iv
yosys_slang,bsg_test_BaseJumpSTL_bsg_trace_replay
yosys_slang,log_shr_assignment
yosys_slang,string_bit_array
yosys_slang,regress-sv_sv_wildcard_import6_iv
yosys_slang,bsg_misc_BaseJumpSTL_bsg_mux
yosys_slang,regress-sv_sv_class13_iv
yosys_slang,regress-sv_sv_uwire1_iv
yosys_slang,regress-sv_sv_array_cassign3_iv
yosys_slang,bsg_link_BaseJumpSTL_bsg_link_pkg
yosys_slang,enum_numerical_expr
yosys_slang,bsg_misc_BaseJumpSTL_bsg_hash_bank_reverse
yosys_slang,regress-vlg_tern1_iv
yosys_slang,regress-vlg_pr1934744_iv
yosys_slang,simple_aes_kexp128
yosys_slang,asicworld_code_verilog_tutorial_decoder_always
yosys_slang,regress-vlg_br_gh6_iv
yosys_slang,regress-sv_fileline2_iv
yosys_slang,regress-vlg_rnpmos2_iv
yosys_slang,regress-vlg_sscanf_z_iv
yosys_slang,localparam_uint
yosys_slang,regress-vlg_pv_wr_vec4_iv
yosys_slang,stream_concat_sim
yosys_slang,regress-sv_pr3366217e_iv
yosys_slang,regress-vlg_cprop_iv
yosys_slang,regress-vlg_br_gh497c_iv
yosys_slang,regress-sv_br932a_iv
yosys_slang,cont_assignment_strength_weak1_supply0
yosys_slang,regress-vlg_attrib_iv
yosys_slang,number_test_34
yosys_slang,regress-synth_sqrt32synth_iv
yosys_slang,regress-vlg_string14_iv
yosys_slang,simple_unary_op_not_bit
yosys_slang,regress-vlg_br_gh11_iv
yosys_slang,asicworld_code_tidbits_reg_seq_example
yosys_slang,asicworld_code_verilog_tutorial_parallel_if
yosys_slang,class_member_test_15
yosys_slang,bsg_misc_BaseJumpSTL_bsg_and
yosys_slang,iface_class_test_2
yosys_slang,localparam_logic
yosys_slang,regress-vlg_pr1916261_iv
yosys_slang,bsg_misc_BaseJumpSTL_bsg_dff_chain
yosys_slang,regress-vlg_pr1892959b_iv
yosys_slang,regress-vlg_string4_iv
yosys_slang,regress-sv_sv_class_property_signed3_iv
yosys_slang,asicworld_code_hdl_models_clk_div
yosys_slang,regress-vlg_pr2434688b_iv
yosys_slang,string-basic
yosys_slang,regress-vlg_pr1639064_iv
yosys_slang,unary_op_dec
yosys_slang,regress-vlg_npmos_iv
yosys_slang,bsg_dataflow_BaseJumpSTL_bsg_sbox
yosys_slang,regress-vlg_function2_iv
yosys_slang,simple_array_addressing_sim
yosys_slang,regress-vlg_pr699b_iv
yosys_slang,simple_attrib09_case
yosys_slang,class_test_53
yosys_slang,cosh_function
yosys_slang,sva_sva_throughout
yosys_slang,bsg_link_BaseJumpSTL_bsg_link_source_sync_downstream
yosys_slang,regress-vlg_tern7_iv
yosys_slang,regress-vlg_pr538_iv
yosys_slang,regress-vlg_task_noop2_iv
yosys_slang,bsg_dmc_BaseJumpSTL_bsg_dmc_controller
yosys_slang,regress-vlg_pr2801662_iv
yosys_slang,typedef_test_22
yosys_slang,regress-vlg_genloop_iv
yosys_slang,regress-sv_sv_timeunit_prec4a_iv
yosys_slang,regress-sv_sv_class_property_signed1_iv
yosys_slang,bsg_mem_BaseJumpSTL_bsg_mem_1rw_sync_mask_write_bit_segmented
yosys_slang,bsg_dataflow_BaseJumpSTL_bsg_fifo_1r1w_small_credit_on_input
yosys_slang,string_icompare
yosys_slang,regress-vlg_fdisplay1_iv
yosys_slang,regress-vlg_br_gh732_iv
yosys_slang,bsg_misc_BaseJumpSTL_bsg_dff_en
yosys_slang,regress-vlg_pr530b_iv
yosys_slang,logical_equiv_operator_sim_1
yosys_slang,asicworld_code_verilog_tutorial_d_ff
yosys_slang,regress-vlg_signed5_iv
yosys_slang,regress-vlg_qmark_iv
yosys_slang,regress-vlg_pr245_std_iv
yosys_slang,bsg_dataflow_BaseJumpSTL_bsg_fifo_bypass
yosys_slang,regress-vlg_br_gh782d_iv
yosys_slang,regress-sv_sv_darray_oob_vec2_iv
yosys_slang,unpack_stream_pad_sim
yosys_slang,always_comb
yosys_slang,bsg_dataflow_BaseJumpSTL_bsg_fifo_1r1w_small_unhardened
yosys_slang,log_eq_operator_sim_1
yosys_slang,regress-sv_sv_typedef_nested_array_iv
yosys_slang,mod_assignment
yosys_slang,enum_numerical_expr_cast
yosys_slang,case_set
yosys_slang,regress-vlg_pr2352834_iv
yosys_slang,regress-sv_br_gh527_iv
yosys_slang,realtobits_bitstoreal_functions
yosys_slang,regress-sv_enum_test8_iv
yosys_slang,number_test_65
yosys_slang,cond_op
yosys_slang,isunknown_function
yosys_slang,expr_short_circuit
yosys_slang,asicworld_code_hdl_models_encoder_using_case
yosys_slang,associative-arrays-arg-traversal
yosys_slang,regress-vlg_param_test4_iv
yosys_slang,regress-vlg_pullupdown2_iv
yosys_slang,bsg_dataflow_BaseJumpSTL_bsg_serial_in_parallel_out_full
yosys_slang,bsg_misc_BaseJumpSTL_bsg_counter_clear_up
yosys_slang,rose_gclk_function
yosys_slang,unpack_stream_sim
yosys_slang,regress-synth_inside_synth_iv
yosys_slang,bsg_async_BaseJumpSTL_bsg_async_ptr_gray
yosys_slang,mailbox_blocking
yosys_slang,fgetc_function
yosys_slang,regress-vlg_include3_iv
yosys_slang,bsg_cache_BaseJumpSTL_bsg_cache_to_test_dram_rx
yosys_slang,regress-sv_sf_countbits_iv
yosys_slang,bsg_dataflow_BaseJumpSTL_bsg_serial_in_parallel_out
yosys_slang,regress-vlg_pr1603918_iv
yosys_slang,bsg_misc_BaseJumpSTL_bsg_swap
yosys_slang,regress-sv_sv_darray_assign1_iv
yosys_slang,string_tolower
yosys_slang,regress-vlg_types1_iv
yosys_slang,arrays-packed-quering-functions-dimensions
yosys_slang,simple_macro_arg_surrounding_spaces
yosys_slang,statement_labels_seq
yosys_slang,regress-vlg_disblock_iv
yosys_slang,regress-synth_ssetclr3_iv
yosys_slang,regress-vlg_rise_fall_delay1_iv
yosys_slang,regress-sv_br_gh307_iv
yosys_slang,regress-vlg_pr1008_iv
yosys_slang,regress-vlg_fdisplay2_iv
yosys_slang,structure-arrays
yosys_slang,typename_type_function
yosys_slang,regress-vlg_assign32B_iv
yosys_slang,regress-vlg_br918a_iv
yosys_slang,operations-on-unpacked-arrays-slice-rw
yosys_slang,bsg_misc_BaseJumpSTL_bsg_arb_round_robin
yosys_slang,regress-vlg_pr2030767_iv
yosys_slang,regress-synth_if_part_no_else2_iv
yosys_slang,rand_modifier
yosys_slang,regress-vlg_ptest011_iv
yosys_slang,regress-sv_br_gh289a_iv
yosys_slang,while_loop
yosys_slang,regress-vlg_pr1693921_iv
yosys_slang,regress-vlg_pr1752353_iv
yosys_slang,regress-vlg_undef_lval_select3a_iv
yosys_slang,regress-vlg_time8_iv
yosys_slang,regress-vlg_br946_iv
yosys_slang,equality_operator_sim_12
yosys_slang,regress-vlg_disable_cleanup_iv
yosys_slang,regress-vlg_time4_iv
yosys_slang,regress-vlg_sdw_task2_iv
yosys_slang,regress-vlg_complex_lidx_iv
yosys_slang,regress-sv_module_nonansi_enum2_iv
yosys_slang,regress-vlg_br977_iv
yosys_slang,regress-sv_clkgen_bit_iv
yosys_slang,nested_repl_op
yosys_slang,simple_dynslice
yosys_slang,regress-vlg_pr532b_iv
yosys_slang,regress-vlg_pr2172606b_iv
yosys_slang,integer_signed_logic
yosys_slang,cont_assignment_strength_strong1_weak0
yosys_slang,regress-vlg_delayed_comp_reduct_iv
yosys_slang,regress-sv_sv_typedef_queue_base1_iv
yosys_slang,bsg_link_BaseJumpSTL_bsg_link_ddr_upstream
yosys_slang,typedef_test_5
yosys_slang,regress-vlg_pr2723712_iv
yosys_slang,regress-vlg_br_gh12_iv
yosys_slang,bsg_link_BaseJumpSTL_bsg_link_source_sync_upstream_sync
yosys_slang,mod_assignment_sim_0
yosys_slang,bsg_misc_BaseJumpSTL_bsg_dff_async_reset
yosys_slang,string_atobin
yosys_slang,regress-vlg_signed11_iv
yosys_slang,bsg_misc_BaseJumpSTL_bsg_tiehi
yosys_slang,regress-vlg_attrib07_func_call_iv
yosys_slang,if_else_constraints_0
yosys_slang,regress-vlg_br_gh632b_iv
yosys_slang,regress-vlg_pr511_iv
yosys_slang,regress-vlg_fscanf_z_warn_iv
yosys_slang,regress-vlg_unary_minus1_iv
yosys_slang,associative-arrays-size
yosys_slang,regress-vlg_readmemb3_iv
yosys_slang,regress-sv_always_latch_trig_iv
yosys_slang,regress-vlg_assign_le_iv
yosys_slang,regress-sv_br_gh374_iv
yosys_slang,simple_cond_op_sim
yosys_slang,regress-vlg_consttern_iv
yosys_slang,regress-synth_lcatsynth_iv
yosys_slang,regress-vlg_pr2974051_iv
yosys_slang,regress-sv_br_gh443_iv
yosys_slang,bsg_misc_BaseJumpSTL_bsg_idiv_iterative_controller
yosys_slang,bsg_dataflow_BaseJumpSTL_bsg_compare_and_swap
yosys_slang,if_else
yosys_slang,signed_func_sim
yosys_slang,regress-vlg_sdw_int_iv
yosys_slang,number_test_15
yosys_slang,simple_repwhile
yosys_slang,regress-sv_sv_ps_method3_iv
yosys_slang,regress-vlg_shift2_iv
yosys_slang,net_decl_assignment
yosys_slang,regress-vlg_unary_lnot3_iv
yosys_slang,regress-sv_sv_class10_iv
yosys_slang,cont_assignment_strength_pull1_highz0
yosys_slang,regress-vlg_pr540b_iv
yosys_slang,attributes-conditional
yosys_slang,regress-vlg_br605b_iv
yosys_slang,asicworld_code_hdl_models_one_hot_cnt
yosys_slang,regress-vlg_function311D_iv
yosys_slang,bsg_cache_BaseJumpSTL_bsg_cache_tbuf
yosys_slang,regress-vlg_lh_varindx5_iv
yosys_slang,regress-vlg_sdf3_iv
yosys_slang,number_test_5
yosys_slang,test_plusargs
yosys_slang,regress-vlg_always314I_iv
yosys_slang,bsg_cache_BaseJumpSTL_bsg_cache_sbuf
yosys_slang,class_test_49
yosys_slang,regress-vlg_pr2119622_iv
yosys_slang,regress-sv_sv_export3_iv
yosys_slang,binary_op_pow
yosys_slang,cont_assignment_strength_pull1_weak0
yosys_slang,regress-vlg_select4_iv
yosys_slang,regress-sv_pr3366217f_iv
yosys_slang,regress-vlg_real5_iv
yosys_slang,bsg_clk_gen_BaseJumpSTL_bsg_clk_gen_v3
yosys_slang,bsg_dataflow_BaseJumpSTL_bsg_parallel_in_serial_out_dynamic
yosys_slang,asicworld_code_hdl_models_mux_2to1_gates
yosys_slang,integers-left-padding
yosys_slang,regress-vlg_signed10_iv
yosys_slang,packed-and-signed-structures
yosys_slang,regress-vlg_rise_fall_decay2_iv
yosys_slang,simple_genblk_collide
yosys_slang,class_test_13
yosys_slang,regress-vlg_constadd_iv
yosys_slang,regress-vlg_select_iv
yosys_slang,regress-sv_br_gh1230_iv
yosys_slang,bsg_dataflow_BaseJumpSTL_bsg_fifo_1r1w_large_banked
yosys_slang,number_test_47
yosys_slang,regress-vlg_pr995_iv
yosys_slang,dist_exponential_function
yosys_slang,regress-sv_cfunc_assign_op_mixed_iv
yosys_slang,regress-vlg_pr1474316_iv
yosys_slang,attributes-case
yosys_slang,regress-sv_final2_iv
yosys_slang,regress-vlg_pr2233180_iv
yosys_slang,parameter_real
yosys_slang,wildcard_operator_sim_5
yosys_slang,regress-vlg_pr3054101a_iv
yosys_slang,regress-synth_br993a_iv
yosys_slang,cont_assignment_strength_supply1_weak0
yosys_slang,regress-sv_size_cast3_iv
yosys_slang,regress-vlg_contrib84_iv
yosys_slang,mul_operator_sim_0
yosys_slang,regress-vlg_pr1820472_iv
yosys_slang,regress-vlg_wiresl_iv
yosys_slang,regress-vlg_monitor2_iv
yosys_slang,regress-vlg_powproc_iv
yosys_slang,cont_assignment_strength_highz1_supply0
yosys_slang,regress-vlg_pr1869772_iv
yosys_slang,regress-vlg_br916a_iv
yosys_slang,regress-vlg_pr1892959_iv
yosys_slang,asicworld_code_tidbits_wire_example
yosys_slang,regress-synth_for_loop_synth2_iv
yosys_slang,binary_op_gt
yosys_slang,real-constants
yosys_slang,asicworld_code_hdl_models_up_counter
yosys_slang,regress-vlg_signed8_iv
yosys_slang,regress-vlg_cond_wide2_iv
yosys_slang,logical_equiv_operator_sim_2
yosys_slang,bsg_dataflow_BaseJumpSTL_bsg_two_buncher
yosys_slang,regress-vlg_pr1960633_iv
yosys_slang,bsg_test_BaseJumpSTL_bsg_nonsynth_clock_gen
yosys_slang,regress-sv_br_ml20191221_iv
yosys_slang,regress-vlg_param_string_iv
yosys_slang,regress-sv_inc_dec_stmt_iv
yosys_slang,regress-vlg_pr2533175_iv
yosys_slang,regress-sv_sv_typedef_fwd_struct_iv
yosys_slang,bsg_misc_BaseJumpSTL_bsg_lru_pseudo_tree_backup
yosys_slang,regress-vlg_pr2109179_iv
yosys_slang,bsg_dmc_BaseJumpSTL_bsg_dmc_dly_line_v3
yosys_slang,regress-vlg_unary_minus3_iv
yosys_slang,cont_assignment
yosys_slang,regress-sv_br_gh112e_iv
yosys_slang,regress-synth_casesynth1_iv
yosys_slang,regress-vlg_pr2202706_iv
yosys_slang,regress-vlg_sdw_param2_iv
yosys_slang,bsg_mem_BaseJumpSTL_bsg_mem_1rw_sync_mask_write_byte_synth
yosys_slang,bsg_mem_BaseJumpSTL_bsg_nonsynth_mem_1rw_sync_assoc
yosys_slang,regress-vlg_pr564_iv
yosys_slang,regress-vlg_pr2233180b_iv
yosys_slang,regress-sv_sv_typedef_scope1_iv
yosys_slang,number_test_4
yosys_slang,regress-vlg_pr1913918c_iv
yosys_slang,regress-vlg_ptest003_iv
yosys_slang,simple_plus_operator_sim
yosys_slang,regress-vlg_pr3563412_iv
yosys_slang,regress-vlg_case38A_iv
yosys_slang,repl_op_sim
yosys_slang,regress-vlg_pr1033_iv
yosys_slang,regress-sv_module_nonansi_parray2_iv
yosys_slang,regress-vlg_pr1115_iv
yosys_slang,unary_op_inc_sim
yosys_slang,regress-vlg_pr3441576_iv
yosys_slang,regress-sv_pv_wr_vec2_iv
yosys_slang,tagged_union
yosys_slang,bsg_async_BaseJumpSTL_bsg_async_credit_counter
yosys_slang,bsg_misc_BaseJumpSTL_bsg_level_shift_up_down_source
yosys_slang,bsg_misc_BaseJumpSTL_bsg_rotate_right
yosys_slang,equality_op
yosys_slang,binary_op_case_neq
yosys_slang,plus_assignment_sim_1
yosys_slang,bsg_misc_BaseJumpSTL_bsg_reduce
yosys_slang,regress-vlg_pr1960558_iv
yosys_slang,regress-vlg_pr1353345_iv
yosys_slang,regress-vlg_pr509b_iv
yosys_slang,regress-vlg_wiremod1_iv
yosys_slang,simple_muxtree
yosys_slang,simple_const_branch_finish
yosys_slang,wildcard_const_operator_sim_6
yosys_slang,regress-vlg_function6_iv
yosys_slang,string_atooct
yosys_slang,bsg_dataflow_BaseJumpSTL_bsg_parallel_in_serial_out
yosys_slang,operations-on-unpacked-arrays-slice-equality
yosys_slang,forward_declaration
yosys_slang,regress-vlg_pr2849783_iv
yosys_slang,logical_impl_operator_sim_2
yosys_slang,regress-vlg_br_gh99g_iv
yosys_slang,cont_assignment_strength_supply1_supply0
yosys_slang,asicworld_code_hdl_models_up_down_counter
yosys_slang,bsg_link_BaseJumpSTL_bsg_link_source_sync_upstream
yosys_slang,reorder_stream_byte_sim
yosys_slang,bsg_misc_BaseJumpSTL_bsg_mul
yosys_slang,class_test_63
yosys_slang,regress-fsv_resetall_iv
yosys_slang,regress-synth_case_wo_default_iv
yosys_slang,multi-dim-basic
yosys_slang,regress-vlg_pr2986497_iv
yosys_slang,bsg_fpu_BaseJumpSTL_bsg_fpu_classify
yosys_slang,regress-vlg_sdw_release_iv
yosys_slang,simple_unary_op_minus
yosys_slang,regress-vlg_nested_impl_event1_iv
yosys_slang,regress-sv_sv_class11_iv
yosys_slang,bsg_test_BaseJumpSTL_bsg_nonsynth_dramsim3_unmap
yosys_slang,bsg_mem_BaseJumpSTL_bsg_mem_1r1w_sync
yosys_slang,bsg_misc_BaseJumpSTL_bsg_thermometer_count
yosys_slang,ariane
yosys_slang,regress-sv_br_gh191_break_iv
yosys_slang,nested_repl_op_sim
yosys_slang,bsg_misc_BaseJumpSTL_bsg_decode_with_v
yosys_slang,regress-vlg_pr1883052b_iv
yosys_slang,regress-sv_sv_class23_iv
yosys_slang,regress-vlg_constfunc10_iv
yosys_slang,cont_assignment_strength_strong1_highz0
yosys_slang,arith_shift_assignment_unsigned
yosys_slang,number_test_44
yosys_slang,regress-sv_genvar_inc_dec_iv
yosys_slang,regress-vlg_pr2350934_iv
yosys_slang,regress-sv_br1027f_iv
yosys_slang,regress-vlg_recursive_func_const1_iv
yosys_slang,regress-vlg_pr3077640_iv
yosys_slang,regress-vlg_array_word_width2_iv
yosys_slang,regress-sv_sv_queue_method_signed3_iv
yosys_slang,regress-sv_sv_typedef_darray_base4_iv
yosys_slang,regress-sv_sv_ps_type_expr1_iv
yosys_slang,regress-vlg_pr3149494_iv
yosys_slang,regress-vlg_pr1474318_iv
yosys_slang,regress-sv_module_nonansi_struct1_iv
yosys_slang,regress-vlg_land3_iv
yosys_slang,bsg_misc_BaseJumpSTL_bsg_edge_detect
yosys_slang,regress-vlg_sdf7_iv
yosys_slang,regress-vlg_pr2801134_iv
yosys_slang,regress-vlg_ga_nor_iv
yosys_slang,regress-sv_sv_string2_iv
yosys_slang,regress-sv_recursive_func2_iv
yosys_slang,regress-vlg_pr1963962_iv
yosys_slang,regress-vlg_signed2_iv
yosys_slang,arith_shift_unsigned
yosys_slang,enum_num
yosys_slang,bsg_comm_link_BaseJumpSTL_test_bsg_comm_link_checker
yosys_slang,casex
yosys_slang,simple_bit_and_operator_sim
yosys_slang,RgGen
yosys_slang,regress-sv_sv_timeunit_prec3b_iv
yosys_slang,cont_assignment_strength_supply1_highz0
yosys_slang,priority_casez
yosys_slang,simple_gt_operator_sim
yosys_slang,string_itoa
yosys_slang,regress-vlg_powconst_iv
yosys_slang,regress-vlg_br_gh99i_iv
yosys_slang,bsg_misc_BaseJumpSTL_bsg_concentrate_static
yosys_slang,bsg_dataflow_BaseJumpSTL_bsg_fifo_1r1w_narrowed
yosys_slang,mailbox_non_blocking
yosys_slang,regress-vlg_else3_iv
yosys_slang,regress-vlg_readmemh2_iv
yosys_slang,regress-vlg_pr1903324_iv
yosys_slang,regress-vlg_pr1690058_iv
yosys_slang,number_test_52
yosys_slang,regress-sv_cfunc_assign_op_pv_iv
yosys_slang,asin_function
yosys_slang,regress-vlg_fscanf_u_iv
yosys_slang,asicworld_code_specman_switch_fabric
yosys_slang,simple_sincos
yosys_slang,bsg_test_BaseJumpSTL_bsg_nonsynth_val_watcher_1p
yosys_slang,log_shl_operator_sim_1
yosys_slang,void
yosys_slang,number_test_16
yosys_slang,multi_dim_array_addressing_sim
yosys_slang,regress-synth_shiftl_iv
yosys_slang,class_test_26
yosys_slang,simple_forgen01
yosys_slang,regress-sv_br_gh105b_iv
yosys_slang,regress-vlg_sdw_stmt002_iv
yosys_slang,asicworld_code_verilog_tutorial_addbit
yosys_slang,regress-vlg_wirege_iv
yosys_slang,bsg_misc_BaseJumpSTL_bsg_scheduler_dataflow
yosys_slang,bsg_mem_BaseJumpSTL_bsg_mem_2rw_sync_mask_write_bit_synth
yosys_slang,regress-sv_sv_class2_iv
yosys_slang,regress-sv_sv_array_cassign5_iv
yosys_slang,bsg_misc_BaseJumpSTL_bsg_counter_up_down
yosys_slang,regress-vlg_scanf_iv
yosys_slang,bsg_fpu_BaseJumpSTL_bsg_fpu_add_sub
yosys_slang,regress-vlg_ifdef2_iv
yosys_slang,regress-synth_casesynth5_iv
yosys_slang,regress-vlg_pr3054101b_iv
yosys_slang,regress-sv_sv_array_query_iv
yosys_slang,regress-sv_parameter_scalar_iv
yosys_slang,regress-vlg_select6_iv
yosys_slang,integers-underscores
yosys_slang,regress-vlg_pr1866215b_iv
yosys_slang,regress-vlg_pr1574175_iv
yosys_slang,regress-sv_sv_ps_type_struct1_iv
yosys_slang,regress-sv_sv_queue2_iv
yosys_slang,regress-vlg_pr2673846_iv
yosys_slang,regress-sv_pv_wr_vec2a_iv
yosys_slang,regress-synth_pr685_iv
yosys_slang,regress-vlg_always3111A_iv
yosys_slang,regress-sv_simple_byte_iv
yosys_slang,regress-vlg_pow_unsigned_iv
yosys_slang,cont_assignment_strength_pull1_supply0
yosys_slang,bsg_mem_BaseJumpSTL_bsg_cam_1r1w_sync
yosys_slang,regress-sv_module_nonansi_int2_iv
yosys_slang,regress-vlg_br_gh889_iv
yosys_slang,regress-sv_enum_compatibility6_iv
yosys_slang,regress-vlg_ca_force_iv
yosys_slang,bsg_misc_BaseJumpSTL_bsg_clkbuf
yosys_slang,equality_operator_sim_3
yosys_slang,regress-sv_sv_var_module_output2_iv
yosys_slang,regress-vlg_br_ml20150315_iv
yosys_slang,bsg_dataflow_BaseJumpSTL_bsg_round_robin_1_to_n
yosys_slang,regress-sv_sv_export4_iv
yosys_slang,regress-vlg_ptest002_iv
yosys_slang,assert_final_test
yosys_slang,bsg_link_BaseJumpSTL_bsg_link_sdr_upstream
yosys_slang,attributes-operator
yosys_slang,bsg_misc_BaseJumpSTL_bsg_dff_reset_set_clear
yosys_slang,string-broken-line
yosys_slang,regress-sv_sv_port_default7_iv
yosys_slang,regress-vlg_sdw_task1_iv
yosys_slang,regress-sv_sv_ps_type_class_prop_iv
yosys_slang,regress-vlg_contrib82_iv
yosys_slang,regress-synth_br993b_iv
yosys_slang,regress-sv_ibit_test_iv
yosys_slang,regress-sv_disable_fork_cmd_iv
yosys_slang,regress-vlg_pr1688717_iv
yosys_slang,regress-sv_br1027b_iv
yosys_slang,disable
yosys_slang,regress-sv_struct2_iv
yosys_slang,class_test_48
yosys_slang,variable_ordering_0
yosys_slang,regress-vlg_param_tern2_iv
yosys_slang,debug-line
yosys_slang,regress-vlg_pr2019553_iv
yosys_slang,regress-vlg_hierspace_iv
yosys_slang,arrays-packed-quering-functions-right
yosys_slang,event_control_posedge
yosys_slang,cont_assignment_strength_strong1_pull0
yosys_slang,regress-vlg_ifdef1_iv
yosys_slang,regress-vlg_pr544_iv
yosys_slang,integers-signed
yosys_slang,regress-vlg_pr1787394a_iv
yosys_slang,task-label
yosys_slang,regress-vlg_dummy7_iv
yosys_slang,integer_unsigned_shortint
yosys_slang,bsg_misc_BaseJumpSTL_bsg_mux_segmented
yosys_slang,regress-vlg_br961_iv
yosys_slang,binary_op_arith_shl
yosys_slang,regress-sv_sv_ps_method1_iv
yosys_slang,regress-synth_ufuncsynth1_iv
yosys_slang,bsg_mem_BaseJumpSTL_bsg_cam_1r1w
yosys_slang,idx_select
yosys_slang,regress-vlg_timescale1_iv
yosys_slang,regress-vlg_case38D_iv
yosys_slang,asicworld_code_tidbits_fsm_using_single_always
yosys_slang,bsg_misc_BaseJumpSTL_bsg_priority_encode_one_hot_out
yosys_slang,regress-synth_basicexpr_iv
yosys_slang,regress-vlg_fscanf_z_iv
yosys_slang,associative-arrays-num
yosys_slang,dist_t_function
yosys_slang,bsg_cache_BaseJumpSTL_bsg_cache_to_axi_ordering
yosys_slang,regress-sv_func_init_var1_iv
yosys_slang,regress-vlg_pr2208681_iv
yosys_slang,unique0_casex
yosys_slang,regress-sv_sv_ps_member_sel2_iv
yosys_slang,regress-vlg_param_eq3_iv
yosys_slang,regress-vlg_pr2709097_iv
yosys_slang,regress-vlg_unary_nor2_iv
yosys_slang,class_test_59
yosys_slang,integer_unsigned_int
yosys_slang,regress-sv_br_gh231_iv
yosys_slang,regress-vlg_br_gh244a_iv
yosys_slang,logical_equiv_operator_sim_0
yosys_slang,regress-vlg_pr2425055c_iv
yosys_slang,tagged_union_member_access_sim
yosys_slang,regress-vlg_pr2305307_iv
yosys_slang,regress-sv_sv_var_block_iv
yosys_slang,regress-synth_condit1_iv
yosys_slang,regress-sv_br_gh191_continue_iv
yosys_slang,regress-sv_sv_ps_function5_iv
yosys_slang,mul_assignment
yosys_slang,regress-sv_first_last_num_iv
yosys_slang,bsg_mem_BaseJumpSTL_bsg_cam_1r1w_unmanaged
yosys_slang,celldefine
yosys_slang,regress-vlg_pv_wr_vec4a_nb_ec_iv
yosys_slang,sva_basic00
yosys_slang,sva_sva_value_change_rose
yosys_slang,regress-vlg_dff1_iv
yosys_slang,expect_test
yosys_slang,jump_break
yosys_slang,regress-vlg_integer4ge_iv
yosys_slang,regress-sv_sv_typedef_fwd_enum1_iv
yosys_slang,bsg_mem_BaseJumpSTL_bsg_nonsynth_mem_1rw_sync_mask_write_byte_assoc
yosys_slang,bsg_cache_BaseJumpSTL_bsg_cache_non_blocking_decode
yosys_slang,bsg_misc_BaseJumpSTL_bsg_clkgate_optional
yosys_slang,regress-sv_pv_wr_vec2_nb_iv
yosys_slang,regress-sv_clkgen_net_iv
yosys_slang,regress-vlg_pr1403406_iv
yosys_slang,bsg_misc_BaseJumpSTL_bsg_scan
yosys_slang,bsg_mem_BaseJumpSTL_bsg_mem_1rw_sync_mask_write_byte_segmented
yosys_slang,event_nonblocking_assignment_delay
yosys_slang,regress-vlg_pr2011429_iv
yosys_slang,regress-vlg_pr2152011_iv
yosys_slang,bits_type_function
yosys_slang,regress-vlg_block_only_with_var_def_iv
yosys_slang,regress-vlg_shift3_iv
yosys_slang,post_randomize_method_0
yosys_slang,regress-sv_sv_string3_iv
yosys_slang,integer_int
yosys_slang,regress-sv_ishortint_test_iv
yosys_slang,regress-sv_sv_union4b_iv
yosys_slang,simple_paramods
yosys_slang,regress-vlg_pr1698499_iv
yosys_slang,regress-vlg_addsr_iv
yosys_slang,regress-vlg_pr1735836_iv
yosys_slang,regress-vlg_pr2728812a_iv
yosys_slang,regress-vlg_pr531b_iv
yosys_slang,steady_gclk_function
yosys_slang,block_names_seq
yosys_slang,regress-vlg_pr304_iv
yosys_slang,regress-vlg_resetall_iv
yosys_slang,regress-vlg_pr2136787_iv
yosys_slang,cont_assignment_strength_supply1_strong0
yosys_slang,regress-vlg_pr1879226_iv
yosys_slang,signed_func
yosys_slang,regress-sv_sv_darray2_iv
yosys_slang,concat_op_sim
yosys_slang,regress-vlg_const4_iv
yosys_slang,regress-vlg_pr2395835_iv
yosys_slang,regress-vlg_rptconcat_iv
yosys_slang,regress-sv_bits2_iv
yosys_slang,class_test_9
yosys_slang,regress-sv_ulongint_test_iv
yosys_slang,regress-vlg_assign_mem1_iv
yosys_slang,regress-vlg_pr905_iv
yosys_slang,asicworld_code_hdl_models_half_adder_gates
yosys_slang,regress-sv_sv_typedef_darray_base1_iv
yosys_slang,regress-vlg_pr1960548_iv
yosys_slang,regress-vlg_pr2146620_iv
yosys_slang,minus_assignment
yosys_slang,simple_impl_logical_operator_sim
yosys_slang,class_member_test_11
yosys_slang,simple_undef_eqx_nex
yosys_slang,class_test_65
yosys_slang,regress-sv_svconstants_iv
yosys_slang,regress-vlg_br1006_iv
yosys_slang,timescale-directive
yosys_slang,regress-sv_sv_uwire2_iv
yosys_slang,bsg_tag_BaseJumpSTL_bsg_tag_client
yosys_slang,regress-sv_sv_queue_oob_vec4_iv
yosys_slang,regress-vlg_uwire_iv
yosys_slang,regress-vlg_pr1675789b_iv
yosys_slang,bsg_mem_BaseJumpSTL_bsg_mem_1rw_sync_mask_write_bit_banked
yosys_slang,bsg_noc_BaseJumpSTL_bsg_wormhole_router_input_control
yosys_slang,bsg_misc_BaseJumpSTL_bsg_muxi2_gatestack
yosys_slang,regress-vlg_real10_iv
yosys_slang,regress-synth_land5_iv
yosys_slang,regress-sv_sv_unpacked_port_iv
yosys_slang,associative-arrays-delete
yosys_slang,regress-sv_assign_op_concat_iv
yosys_slang,bsg_link_BaseJumpSTL_bsg_link_iddr_phy
yosys_slang,regress-sv_program4_iv
yosys_slang,regress-vlg_constfunc2_iv
yosys_slang,integer_unsigned_time
yosys_slang,logical_operator_sim_2
yosys_slang,regress-vlg_br_gh99p_iv
yosys_slang,uniqueness_constraints_0
yosys_slang,regress-vlg_pr2039694_iv
yosys_slang,regress-vlg_br_gh127f_iv
yosys_slang,regress-vlg_vcddup_iv
yosys_slang,regress-vlg_pr1901125_iv
yosys_slang,regress-vlg_assign_deq_iv
yosys_slang,assume_final_test
yosys_slang,number_test_36
yosys_slang,regress-vlg_pr1581580_iv
yosys_slang,class_test_0
yosys_slang,regress-sv_sv_port_default4_iv
yosys_slang,reorder_stream
yosys_slang,regress-sv_sv_typedef_queue_base4_iv
yosys_slang,regress-sv_logp2_iv
yosys_slang,regress-sv_br_gh177a_iv
yosys_slang,bsg_comm_link_BaseJumpSTL_bsg_comm_link
yosys_slang,regress-sv_func_empty_arg1_iv
yosys_slang,number_test_68
yosys_slang,regress-vlg_pr2865563_iv
yosys_slang,regress-vlg_pr2015466_iv
yosys_slang,enum_xx
yosys_slang,regress-vlg_pv_wr_vec4a_nb_iv
yosys_slang,regress-vlg_br971_iv
yosys_slang,regress-vlg_pr1702593_iv
yosys_slang,type_access_extends
yosys_slang,regress-vlg_pr3368642_iv
yosys_slang,bsg_mem_BaseJumpSTL_bsg_mem_1rw_sync_mask_write_byte_banked
yosys_slang,regress-sv_sv_queue_oob_string_iv
yosys_slang,simple_param_attr
yosys_slang,regress-sv_sv_queue_function2_iv
yosys_slang,regress-sv_fr49_iv
yosys_slang,bsg_test_BaseJumpSTL_bsg_nonsynth_dpi_clock_gen
yosys_slang,property_disable_iff_min_test
yosys_slang,regress-sv_always_comb_no_sens_iv
yosys_slang,regress-vlg_pr2270035_iv
yosys_slang,regress-sv_sv_ap_parray4_iv
yosys_slang,regress-vlg_pr1988310_iv
yosys_slang,bsg_dmc_BaseJumpSTL_bsg_dmc
yosys_slang,bsg_mem_BaseJumpSTL_bsg_mem_3r1w_synth
yosys_slang,regress-sv_sv_queue_vec_bounded_iv
yosys_slang,arrays-replication
yosys_slang,regress-vlg_br918b_iv
yosys_slang,binary_op_le
yosys_slang,priority_case
yosys_slang,regress-vlg_pr1101_iv
yosys_slang,regress-vlg_br_gh127d_iv
yosys_slang,enum_sequence
yosys_slang,bsg_misc_BaseJumpSTL_bsg_adder_one_hot
yosys_slang,regress-vlg_unary_not_iv
yosys_slang,regress-vlg_modulus_iv
yosys_slang,class_member_test_14
yosys_slang,regress-vlg_module_nonansi_integer1_iv
yosys_slang,bsg_mem_BaseJumpSTL_bsg_mem_multiport_latch
yosys_slang,regress-sv_module_port_typedef_array1_iv
yosys_slang,regress-vlg_param_bor_iv
yosys_slang,regress-vlg_varlsfht2_iv
yosys_slang,case_constant
yosys_slang,regress-sv_size_cast5_iv
yosys_slang,regress-vlg_task_omemw3_iv
yosys_slang,regress-vlg_escape2a_iv
yosys_slang,include-directive
yosys_slang,class_test_6
yosys_slang,regress-vlg_sdw_lvalconcat_iv
yosys_slang,regress-vlg_param_concat_iv
yosys_slang,regress-sv_sv_uwire3_iv
yosys_slang,regress-sv_pv_wr_vec2a_nb_ec_iv
yosys_slang,regress-vlg_event2_iv
yosys_slang,always_latch_expr
yosys_slang,regress-sv_enum_base_none_iv
yosys_slang,regress-sv_always_comb_iv
yosys_slang,bsg_cache_BaseJumpSTL_bsg_nonsynth_cache_axe_tracer
yosys_slang,set_member
yosys_slang,regress-sv_sv_darray_signed_iv
yosys_slang,unary_op_or
yosys_slang,regress-vlg_case38C_iv
yosys_slang,regress-sv_packeda_iv
yosys_slang,regress-vlg_pr2043324_iv
yosys_slang,unpack_stream_pad
yosys_slang,sva_sva_not
yosys_slang,regress-sv_sv_class_localparam_iv
yosys_slang,tan_function
yosys_slang,regress-vlg_br_gh103_iv
yosys_slang,binary_op_div
yosys_slang,binary_op_log_equiv
yosys_slang,regress-vlg_param_tern_iv
yosys_slang,regress-vlg_pr1932444_iv
yosys_slang,regress-vlg_ga_nand_iv
yosys_slang,regress-vlg_br_gh435_iv
yosys_slang,regress-vlg_uwire2_iv
yosys_slang,regress-synth_basicexpr2_iv
yosys_slang,regress-vlg_pr3477107_iv
yosys_slang,regress-vlg_wireeq_iv
yosys_slang,regress-sv_sv_array_cassign1_iv
yosys_slang,regress-vlg_br_gh330_iv
yosys_slang,regress-vlg_casex39B_iv
yosys_slang,regress-sv_sf_onehot_iv
yosys_slang,regress-sv_br_gh661a_iv
yosys_slang,scr1
yosys_slang,regress-vlg_undef_lval_select2_iv
yosys_slang,regress-sv_br_gh453_iv
yosys_slang,arrays-packed-quering-functions-unpacked-dimensions
yosys_slang,regress-vlg_pr2132552_iv
yosys_slang,minus_operator_sim_1
yosys_slang,regress-vlg_string7_iv
yosys_slang,regress-vlg_rnpmos_iv
yosys_slang,regress-vlg_pr2038048_iv
yosys_slang,regress-sv_sv_typedef_scope2_iv
yosys_slang,regress-vlg_sdf8_iv
yosys_slang,regress-vlg_pr1421777_iv
yosys_slang,debug-directives
yosys_slang,regress-vlg_pr531a_iv
yosys_slang,wildcard_const_operator_sim_7
yosys_slang,class_test_57
yosys_slang,regress-vlg_br_gh199b_iv
yosys_slang,regress-sv_sv_var_module_iv
yosys_slang,regress-vlg_unary_lnot1_iv
yosys_slang,asicworld_code_hdl_models_d_latch_gates
yosys_slang,regress-vlg_always_star_array_lval_iv
yosys_slang,regress-vlg_pr1867161a_iv
yosys_slang,regress-sv_sv_uwire4_iv
yosys_slang,number_test_12
yosys_slang,regress-vlg_pr1793157_iv
yosys_slang,regress-vlg_pr522_iv
yosys_slang,string_putc
yosys_slang,operations-on-packed-arrays-slice-rw
yosys_slang,regress-vlg_pr2913927_iv
yosys_slang,cont_assignment_strength_pull1_strong0
yosys_slang,simple_concat_op_sim
yosys_slang,discarding_soft_constraints_0
yosys_slang,regress-sv_sv_package5_iv
yosys_slang,changed_function
yosys_slang,regress-vlg_pr1087_iv
yosys_slang,regress-vlg_pr2835632a_iv
yosys_slang,bsg_dmc_BaseJumpSTL_bsg_dmc_clk_rst_gen
yosys_slang,final
yosys_slang,simple_hierarchy
yosys_slang,array_reduction_iterative_constraints_0
yosys_slang,cast_task
yosys_slang,memories_wide_write
yosys_slang,regress-vlg_br_gh162_iv
yosys_slang,regress-sv_sv_darray_decl_assign_iv
yosys_slang,bsg_test_BaseJumpSTL_bsg_nonsynth_axi_mem
yosys_slang,regress-sv_pv_wr_vec2_nb_ec_iv
yosys_slang,regress-sv_br_gh112a_iv
yosys_slang,regress-sv_br979_iv
yosys_slang,asicworld_code_hdl_models_dff_sync_reset
yosys_slang,bsg_noc_BaseJumpSTL_bsg_ready_and_link_async_to_wormhole
yosys_slang,asicworld_code_hdl_models_decoder_using_assign
yosys_slang,regress-vlg_fopen2_iv
yosys_slang,regress-vlg_assign_nb1_iv
yosys_slang,number_test_53
yosys_slang,regress-vlg_pr1956211_iv
yosys_slang,regress-vlg_pr1950282_iv
yosys_slang,string
yosys_slang,asicworld_code_tidbits_fsm_using_always
yosys_slang,regress-vlg_pr542_iv
yosys_slang,arrays-packed-quering-functions-increment
yosys_slang,bsg_test_BaseJumpSTL_test_assembler_defines
yosys_slang,class_test_28
yosys_slang,string_bintoa
yosys_slang,regress-vlg_pr1831724_iv
yosys_slang,regress-vlg_pr693_iv
yosys_slang,regress-sv_sv_ps_function7_iv
yosys_slang,type_op_compare
yosys_slang,regress-sv_sv_class_method_signed1_iv
yosys_slang,regress-vlg_specify4_iv
yosys_slang,regress-vlg_pr2991457b_iv
yosys_slang,asicworld_code_hdl_models_lfsr
yosys_slang,bsg_test_BaseJumpSTL_bsg_nonsynth_clock_gen_plusarg
yosys_slang,regress-vlg_pr2428890b_iv
yosys_slang,regress-vlg_attrib06_operator_suffix_iv
yosys_slang,simple_localparam_attr
yosys_slang,regress-vlg_pr2909555_iv
yosys_slang,regress-vlg_resolv1_iv
yosys_slang,asicworld_code_hdl_models_tff_sync_reset
yosys_slang,macromodule_definition
yosys_slang,regress-sv_int_param_iv
yosys_slang,bsg_noc_BaseJumpSTL_bsg_wormhole_router_decoder_dor
yosys_slang,bsg_noc_BaseJumpSTL_bsg_mesh_router_decoder_dor
yosys_slang,memories_wide_read_sync
yosys_slang,regress-synth_casesynth7_iv
yosys_slang,simple_ifdef_1
yosys_slang,regress-vlg_pr1866215_iv
yosys_slang,regress-vlg_function311B_iv
yosys_slang,regress-sv_br_gh800_iv
yosys_slang,regress-vlg_param_select2_iv
yosys_slang,typedef_test_14
yosys_slang,union_test_0
yosys_slang,task_automatic
yosys_slang,clog2_function
yosys_slang,regress-sv_sv_class_new_typed2_iv
yosys_slang,regress-vlg_pr3024131_iv
yosys_slang,regress-vlg_test_disphob_iv
yosys_slang,regress-vlg_pr1570451b_iv
yosys_slang,regress-vlg_pr1639064b_iv
yosys_slang,regress-sv_sv_package3_iv
yosys_slang,idx_select_sim
yosys_slang,bsg_misc_BaseJumpSTL_bsg_decode_thermometer
yosys_slang,regress-sv_fork_join_none_iv
yosys_slang,regress-sv_struct_packed_array_iv
yosys_slang,implicit_external_constraint_1
yosys_slang,regress-vlg_always314A_iv
yosys_slang,regress-vlg_concat_zero_wid_fail2_iv
yosys_slang,regress-vlg_porttest6_iv
yosys_slang,sva_basic01
yosys_slang,regress-vlg_string10_iv
yosys_slang,bsg_test_BaseJumpSTL_bsg_nonsynth_ramulator_hbm
yosys_slang,function_return
yosys_slang,distribution_0
yosys_slang,bsg_misc_BaseJumpSTL_bsg_rotate_left
yosys_slang,acos_function
yosys_slang,plus_assignment
yosys_slang,regress-vlg_sp2_iv
yosys_slang,unary_op_inc
yosys_slang,regress-vlg_pr1960625_iv
yosys_slang,bit_and_operator_sim_0
yosys_slang,simple_bit_xor_operator_sim
yosys_slang,regress-vlg_pr2121536_iv
yosys_slang,regress-sv_sv_export5_iv
yosys_slang,regress-vlg_pr2450244_iv
yosys_slang,regress-sv_named_fork_iv
yosys_slang,regress-sv_sv_class18_iv
yosys_slang,regress-vlg_pr3054101h_iv
yosys_slang,regress-vlg_br_gh1178c_iv
yosys_slang,regress-synth_br_gh99v_iv
yosys_slang,regress-sv_sv_foreach4_iv
yosys_slang,regress-vlg_pr1936363_iv
yosys_slang,regress-vlg_talu_iv
yosys_slang,regress-sv_sv_string1_iv
yosys_slang,memories_trans_sdp
yosys_slang,regress-vlg_assign_add_iv
yosys_slang,bsg_clk_gen_BaseJumpSTL_bsg_clk_gen_osc_v3
yosys_slang,rsd
yosys_slang,regress-vlg_pr2233192b_iv
yosys_slang,simple_ge_operator_sim
yosys_slang,wildcard_operator_sim_0
yosys_slang,enum_anon
yosys_slang,regress-sv_sv_void_cast4_iv
yosys_slang,if_else_constraints_3
yosys_slang,regress-sv_sv_ps_function1_iv
yosys_slang,bsg_misc_BaseJumpSTL_bsg_defines
yosys_slang,regress-sv_enum_method_signed1_iv
yosys_slang,sva_counter
yosys_slang,arrays
yosys_slang,regress-synth_basiclatch_iv
yosys_slang,regress-sv_br_gh112d_iv
yosys_slang,regress-vlg_pr1029_iv
yosys_slang,wildcard_operator_sim_7
yosys_slang,number_test_2
yosys_slang,regress-sv_sv_sign_cast1_iv
yosys_slang,idx_pos_part_select_sim
yosys_slang,number_test_35
yosys_slang,regress-sv_br917b_iv
yosys_slang,bsg_cache_BaseJumpSTL_bsg_cache_non_blocking_data_mem
yosys_slang,regress-vlg_pr1887168_iv
yosys_slang,logic_vector
yosys_slang,simple_const_func_shadow
yosys_slang,regress-vlg_ga_mod2_iv
yosys_slang,past_function
yosys_slang,regress-sv_clkgen_logic_iv
yosys_slang,bsg_dmc_BaseJumpSTL_bsg_dmc_phy
yosys_slang,regress-sv_sv_ap_struct4_iv
yosys_slang,bsg_misc_BaseJumpSTL_bsg_encode_one_hot
yosys_slang,log_shr_assignment_sim_1
yosys_slang,regress-sv_localparam_type2_iv
yosys_slang,string_compare
yosys_slang,typedef_test_7
yosys_slang,associative-arrays-class
yosys_slang,regress-vlg_specify2_iv
yosys_slang,le_operator_sim_1
yosys_slang,regress-sv_br_gh72b_iv
yosys_slang,string_substr
yosys_slang,regress-vlg_int_not_signext_iv
yosys_slang,regress-sv_sv_class_compat1_iv
yosys_slang,regress-vlg_pr2715558b_iv
yosys_slang,regress-vlg_br990_iv
yosys_slang,regress-vlg_const2_iv
yosys_slang,regress-vlg_pr913_iv
yosys_slang,regress-vlg_wirele_iv
yosys_slang,regress-synth_ssetclr2_iv
yosys_slang,regress-sv_pull371b_iv
yosys_slang,regress-vlg_macro_comment3_iv
yosys_slang,regress-sv_sv_sign_cast3_iv
yosys_slang,regress-vlg_br_gh283b_iv
yosys_slang,regress-vlg_pr2815398b_iv
yosys_slang,regress-vlg_pr3054101g_iv
yosys_slang,regress-sv_br_gh226_iv
yosys_slang,regress-vlg_defparam4_iv
yosys_slang,regress-vlg_pr1913918b_iv
yosys_slang,regress-sv_vvp_recv_vec4_pv_iv
yosys_slang,regress-sv_sv_queue_method_signed2_iv
yosys_slang,regress-vlg_fdisplay_fail_fd_iv
yosys_slang,binary_op_minus
yosys_slang,regress-vlg_sdw_always3_iv
yosys_slang,bsg_misc_BaseJumpSTL_bsg_id_pool_dealloc_alloc_one_hot
yosys_slang,regress-vlg_pr1832097a_iv
yosys_slang,regress-sv_br1003a_iv
yosys_slang,enum_next
yosys_slang,number_test_50
yosys_slang,regress-vlg_pr2053944_iv
yosys_slang,bsg_test_BaseJumpSTL_test_bsg_data_gen
yosys_slang,bsg_dataflow_BaseJumpSTL_bsg_channel_tunnel_out
yosys_slang,regress-sv_clkgen_reg_iv
yosys_slang,regress-vlg_multi_bit_strength_iv
yosys_slang,regress-sv_br_gh167a_iv
yosys_slang,property_test
yosys_slang,class_test_64
yosys_slang,regress-vlg_addwide_iv
yosys_slang,unary_op_plus
yosys_slang,wildcard_const_operator_sim_3
yosys_slang,regress-sv_sv_var_module_output1_iv
yosys_slang,regress-sv_logical_short_circuit_iv
yosys_slang,sampled_function
yosys_slang,regress-vlg_pr530c_iv
yosys_slang,regress-vlg_pr2725700b_iv
yosys_slang,bsg_mem_BaseJumpSTL_bsg_mem_3r1w_sync
yosys_slang,regress-vlg_patch1268_iv
yosys_slang,regress-vlg_pr2922063b_iv
yosys_slang,bsg_misc_BaseJumpSTL_bsg_lru_pseudo_tree_decode
yosys_slang,regress-sv_func_empty_arg2_iv
yosys_slang,regress-vlg_br_gh567_iv
yosys_slang,regress-vlg_macro2_iv
yosys_slang,simple_multiplier
yosys_slang,simple_constmuldivmod
yosys_slang,typedef_test_26
yosys_slang,typedef_test_11
yosys_slang,regress-sv_struct3_iv
yosys_slang,regress-sv_br_gh164c_iv
yosys_slang,string-word-assignment
yosys_slang,regress-sv_sv_darray5_iv
yosys_slang,regress-sv_enum_compatibility1_iv
yosys_slang,bsg_mem_BaseJumpSTL_bsg_mem_1r1w_sync_mask_write_byte_synth
yosys_slang,asicworld_code_hdl_models_mux_using_if
yosys_slang,regress-vlg_ga_and_iv
yosys_slang,regress-sv_test_tliteral_iv
yosys_slang,regress-vlg_pr2985542_iv
yosys_slang,integer_time
yosys_slang,regress-sv_implicit_cast7_iv
yosys_slang,regress-vlg_sdw_function3_iv
yosys_slang,bsg_misc_BaseJumpSTL_bsg_counter_clear_up_one_hot
yosys_slang,regress-vlg_pr3054101e_iv
yosys_slang,typedef
yosys_slang,regress-vlg_pr1687193_iv
yosys_slang,concat_op
yosys_slang,regress-vlg_pr2593733_iv
yosys_slang,regress-vlg_pv_wr_vec4_nb_ec_iv
yosys_slang,bsg_link_BaseJumpSTL_bsg_link_ddr_downstream
yosys_slang,regress-vlg_pr2998515_iv
yosys_slang,simple_genblk_order
yosys_slang,regress-vlg_tern2_iv
yosys_slang,regress-vlg_comp1001_fail5_iv
yosys_slang,simple_nested_genblk_resolve
yosys_slang,regress-vlg_mult1_iv
yosys_slang,random_function
yosys_slang,regress-vlg_br999_iv
yosys_slang,regress-vlg_ga_xnor_iv
yosys_slang,string-assignment
yosys_slang,two_assignments_in_expression_sim
yosys_slang,regress-sv_br917d_iv
yosys_slang,regress-sv_sv_foreach6_iv
yosys_slang,bsg_misc_BaseJumpSTL_bsg_gray_to_binary
yosys_slang,bsg_cache_BaseJumpSTL_bsg_cache_to_test_dram_tx
yosys_slang,regress-sv_enum_compatibility5_iv
yosys_slang,regress-vlg_br_gh283c_iv
yosys_slang,regress-vlg_array7_iv
yosys_slang,localparam_string
yosys_slang,regress-vlg_pr3197917_iv
yosys_slang,regress-vlg_string1_iv
yosys_slang,assume0_test
yosys_slang,simple_and_logical_operator_sim
yosys_slang,bsg_misc_BaseJumpSTL_bsg_arb_fixed
yosys_slang,bsg_cache_BaseJumpSTL_bsg_cache_to_axi
yosys_slang,unpacked-array-reduction-method-xor
yosys_slang,regress-vlg_pr2190323_iv
yosys_slang,bsg_misc_BaseJumpSTL_bsg_crossbar_o_by_i
yosys_slang,bsg_misc_BaseJumpSTL_bsg_array_reverse
yosys_slang,regress-vlg_pr2233192_iv
yosys_slang,regress-vlg_p_monta_iv
yosys_slang,asicworld_code_hdl_models_lfsr_updown
yosys_slang,bsg_misc_BaseJumpSTL_bsg_mux2_gatestack
yosys_slang,plus_assignment_sim_0
yosys_slang,regress-sv_enum_base_typename1_iv
yosys_slang,simple_mem_arst
yosys_slang,regress-vlg_br991a_iv
yosys_slang,regress-vlg_sdf_esc_id_iv
yosys_slang,regress-vlg_br1007_iv
yosys_slang,regress-sv_sv_class1_iv
yosys_slang,regress-vlg_attrib_expr_iv
yosys_slang,bsg_misc_BaseJumpSTL_bsg_buf_ctrl
yosys_slang,bsg_test_BaseJumpSTL_bsg_nonsynth_test_rom
yosys_slang,regress-vlg_drive_strength3_iv
yosys_slang,multi-declaration
yosys_slang,regress-synth_inside_synth3_iv
yosys_slang,bsg_mem_BaseJumpSTL_bsg_mem_3r1w_sync_synth
yosys_slang,regress-vlg_else2_iv
yosys_slang,memories_wide_all
yosys_slang,equality_operator_sim_11
yosys_slang,simple_attrib06_operator_suffix
yosys_slang,regress-vlg_br_gh33_iv
yosys_slang,regress-sv_sv_ap_parray2_iv
yosys_slang,regress-vlg_sdw_array_iv
yosys_slang,regress-sv_sv_port_default5_iv
yosys_slang,regress-vlg_comp1001_iv
yosys_slang,regress-vlg_negvalue_iv
yosys_slang,bsg_comm_link_BaseJumpSTL_bsg_source_sync_output
yosys_slang,regress-vlg_pr1828642_iv
yosys_slang,regress-vlg_br_gh37_iv
yosys_slang,regress-sv_br_gh412_iv
yosys_slang,write_boh
yosys_slang,binary_op_log_neq
yosys_slang,comments
yosys_slang,unique0_casez
yosys_slang,regress-vlg_long_div_iv
yosys_slang,fdisplay_boh
yosys_slang,regress-vlg_pr1691599b_iv
yosys_slang,regress-sv_sv_foreach3_iv
yosys_slang,regress-sv_enum_base_typename2_iv
yosys_slang,regress-vlg_br_gh277a_iv
yosys_slang,operations-on-unpacked-arrays-variable-slice-rw
yosys_slang,value_plusargs
yosys_slang,regress-sv_ushortint_test_iv
yosys_slang,regress-vlg_module_nonansi_time1_iv
yosys_slang,regress-vlg_br937_iv
yosys_slang,regress-vlg_nested_impl_event2_iv
yosys_slang,equality_operator_sim_21
yosys_slang,regress-vlg_pr1601896_iv
yosys_slang,regress-vlg_function1_iv
yosys_slang,simple_or_logical_operator_sim
yosys_slang,bsg_mem_BaseJumpSTL_bsg_mem_1r1w_sync_mask_write_bit_synth
yosys_slang,bsg_mem_BaseJumpSTL_bsg_mem_2r1w_sync
yosys_slang,integer_signed_byte
yosys_slang,regress-vlg_pr2459681_iv
yosys_slang,simple_loops
yosys_slang,operations-on-packed-arrays-slice-equality
yosys_slang,regress-sv_sv_array_cassign2_iv
yosys_slang,regress-vlg_escape2c_iv
yosys_slang,number_test_13
yosys_slang,regress-vlg_galan_iv
yosys_slang,regress-synth_br_gh115_iv
yosys_slang,operations-on-packed-arrays-one-bit
yosys_slang,regress-vlg_task_noop_iv
yosys_slang,regress-vlg_pr3012758_iv
yosys_slang,regress-vlg_delay_iv
yosys_slang,regress-vlg_ldelay2_iv
yosys_slang,regress-vlg_pr1925356_iv
yosys_slang,bsg_mem_BaseJumpSTL_bsg_mem_2r1w_sync_synth
yosys_slang,simple_verilog_primitives
yosys_slang,asicworld_code_verilog_tutorial_explicit
yosys_slang,fx68k
yosys_slang,regress-vlg_pr3534422_iv
yosys_slang,regress-vlg_br_gh497e_iv
yosys_slang,simple_fsm
yosys_slang,regress-sv_br_gh289d_iv
yosys_slang,regress-vlg_pr2146620c_iv
yosys_slang,string_len
yosys_slang,regress-sv_enum_compatibility4_iv
yosys_slang,hypot_function
yosys_slang,asicworld_code_verilog_tutorial_task_global
yosys_slang,regress-vlg_constadd3_iv
yosys_slang,regress-vlg_string12_iv
yosys_slang,bsg_misc_BaseJumpSTL_bsg_mux_butterfly
yosys_slang,regress-vlg_wiresr_iv
yosys_slang,equality_operator_sim_22
yosys_slang,regress-vlg_attrib01_module_iv
yosys_slang,simple_log_shl_operator_sim
yosys_slang,regress-vlg_ca_func_iv
yosys_slang,bsg_test_BaseJumpSTL_bsg_nonsynth_dpi_from_fifo
yosys_slang,regress-vlg_pr987_iv
yosys_slang,regress-vlg_pr1024_iv
yosys_slang,regress-sv_br_gh478_iv
yosys_slang,bsg_misc_BaseJumpSTL_bsg_dff_reset_en_bypass
yosys_slang,class_test_8
yosys_slang,regress-vlg_pr2014673_iv
yosys_slang,parameter_type_conflict
yosys_slang,local_from_inside
yosys_slang,unique_casez
yosys_slang,regress-sv_ibyte_test_iv
yosys_slang,regress-vlg_recursive_task_iv
yosys_slang,regress-vlg_function_exp_iv
yosys_slang,regress-vlg_const3_iv
yosys_slang,integer_bit
yosys_slang,regress-vlg_genvar_scopes_iv
yosys_slang,regress-vlg_signed_pv_iv
yosys_slang,regress-vlg_contrib81_iv
yosys_slang,regress-vlg_pr1632861_iv
yosys_slang,wildcard_const_operator_sim_2
yosys_slang,bsg_misc_BaseJumpSTL_bsg_dff_reset
yosys_slang,regress-sv_task_init_var1_iv
yosys_slang,regress-sv_localparam_query_iv
yosys_slang,asicworld_code_hdl_models_parallel_crc
yosys_slang,regress-vlg_br_gh497a_iv
yosys_slang,regress-vlg_pr513_iv
yosys_slang,typedef_test_24
yosys_slang,regress-vlg_event315_iv
yosys_slang,bsg_misc_BaseJumpSTL_bsg_adder_ripple_carry
yosys_slang,regress-vlg_signed4_iv
yosys_slang,class_test_69
yosys_slang,wildcard_operator_sim_3
yosys_slang,regress-sv_sv_ps_function3_iv
yosys_slang,cont_assignment_strength_pull1_pull0
yosys_slang,unary_op_not_bit
yosys_slang,regress-vlg_pr1963240_iv
yosys_slang,sva_sva_value_change_changed
yosys_slang,regress-vlg_pr1455873_iv
yosys_slang,regress-vlg_pr1645277_iv
yosys_slang,regress-vlg_pr941_iv
yosys_slang,countbits_function
yosys_slang,regress-sv_fork_join_any_iv
yosys_slang,regress-sv_br_gh386d_iv
yosys_slang,regress-vlg_sdw_force_iv
yosys_slang,regress-sv_sv_string8_iv
yosys_slang,regress-sv_br1015b_iv
yosys_slang,asicworld_code_hdl_models_parity_using_assign
yosys_slang,regress-vlg_automatic_events2_iv
yosys_slang,cont_assignment_strength_highz1_weak0
yosys_slang,regress-vlg_pr3064375_iv
yosys_slang,global_constraints_0
yosys_slang,regress-vlg_ptest009_iv
yosys_slang,integers-sized
yosys_slang,atan_function
yosys_slang,regress-vlg_pr3409749_iv
yosys_slang,stable_function
yosys_slang,bit_or_operator_sim_0
yosys_slang,typedef_test_19
yosys_slang,regress-vlg_pr1704726b_iv
yosys_slang,regress-vlg_pr1903343_iv
yosys_slang,bsg_mem_BaseJumpSTL_bsg_mem_2rw_sync_mask_write_bit
yosys_slang,bsg_misc_BaseJumpSTL_bsg_hash_bank
yosys_slang,regress-vlg_string8_iv
yosys_slang,and_assignment
yosys_slang,bsg_misc_BaseJumpSTL_bsg_crossbar_control_locking_o_by_i
yosys_slang,and_assignment_sim_0
yosys_slang,asicworld_code_tidbits_fsm_using_function
yosys_slang,regress-vlg_memref_iv
yosys_slang,regress-vlg_param_times_iv
yosys_slang,regress-vlg_pr2224845_iv
yosys_slang,regress-sv_sv_array_cassign4_iv
yosys_slang,regress-vlg_pr2792897_iv
yosys_slang,regress-vlg_pr810_iv
yosys_slang,regress-sv_sv_class_property_signed2_iv
yosys_slang,equality_operator_sim_15
yosys_slang,regress-vlg_pr1883052_iv
yosys_slang,regress-vlg_force2_iv
yosys_slang,regress-vlg_pr1698658_iv
yosys_slang,wildcard_operator_sim_2
yosys_slang,regress-vlg_pr823_iv
yosys_slang,regress-vlg_urand_r_iv
yosys_slang,cont_assignment_strength_supply1_pull0
yosys_slang,in-line_constraints--randomize_3
yosys_slang,bsg_noc_BaseJumpSTL_bsg_barrier
yosys_slang,bsg_dataflow_BaseJumpSTL_bsg_sort_4
yosys_slang,net_wire
yosys_slang,regress-vlg_br_gh99j_iv
yosys_slang,urandom_range_0
yosys_slang,regress-sv_sv_string7b_iv
yosys_slang,simple_retime
yosys_slang,regress-vlg_ga_or_iv
yosys_slang,binary_op_wild_eq
yosys_slang,bsg_misc_BaseJumpSTL_bsg_round_robin_arb
yosys_slang,binary_op_bit_or
yosys_slang,regress-synth_blocksynth3_iv
yosys_slang,regress-sv_wild_cmp_var_iv
yosys_slang,regress-sv_sv_ps_function2_iv
yosys_slang,regress-sv_sv_union2b_iv
yosys_slang,regress-sv_sv_ps_function4_iv
yosys_slang,regress-vlg_pr3054101f_iv
yosys_slang,regress-vlg_force1_iv
yosys_slang,number_test_29
yosys_slang,number_test_10
yosys_slang,binary_op_log_shl
yosys_slang,regress-vlg_pr2901556_iv
yosys_slang,regress-vlg_casez310C_iv
yosys_slang,regress-vlg_readmemh3_iv
yosys_slang,simple_mod_operator_sim
yosys_slang,regress-vlg_pr1958801_iv
yosys_slang,bsg_misc_BaseJumpSTL_bsg_less_than
yosys_slang,set_membership_0
yosys_slang,regress-vlg_pr3539372_iv
yosys_slang,regress-sv_func_init_var2_iv
yosys_slang,basic-packed-structures
yosys_slang,class_test_68
yosys_slang,simple_minus_operator_sim
yosys_slang,asicworld_code_verilog_tutorial_simple_function
yosys_slang,assign_in_expr_sim
yosys_slang,regress-sv_sv_darray_copy_empty2_iv
yosys_slang,number_test_1
yosys_slang,regress-vlg_br_gh9_iv
yosys_slang,sva_nested_clk_else
yosys_slang,regress-sv_bits_iv
yosys_slang,regress-vlg_sdw_function4_iv
yosys_slang,regress-sv_br956_iv
yosys_slang,regress-vlg_pr1830834_iv
yosys_slang,regress-vlg_pr2890322_iv
yosys_slang,bsg_link_BaseJumpSTL_bsg_link_oddr_phy
yosys_slang,regress-vlg_pr3103880_iv
yosys_slang,regress-sv_pr3366114_iv
yosys_slang,regress-synth_ssetclr1_iv
yosys_slang,regress-sv_mod_inst_pkg_iv
yosys_slang,urandom_2
yosys_slang,integer_byte
yosys_slang,typename_function
yosys_slang,cont_assignment_strength_weak1_highz0
yosys_slang,regress-sv_sshortint_test_iv
yosys_slang,simple_idx_pos_part_select_sim
yosys_slang,regress-vlg_pr2837451_iv
yosys_slang,typedef_test_16
yosys_slang,regress-vlg_constfunc14_iv
yosys_slang,logical_operator_sim_3
yosys_slang,regress-vlg_always3111B_iv
yosys_slang,bsg_cache_BaseJumpSTL_bsg_cache_non_blocking_mhu
yosys_slang,regress-vlg_idiv1_iv
yosys_slang,asicworld_code_verilog_tutorial_simple_if
yosys_slang,regress-vlg_idiv2_iv
yosys_slang,regress-vlg_task_mem_iv
yosys_slang,regress-sv_br_gh756_iv
yosys_slang,regress-sv_task_init_var3_iv
yosys_slang,regress-vlg_ga_mod1_iv
yosys_slang,bsg_misc_BaseJumpSTL_bsg_decode
yosys_slang,randomization_of_scope_variables_0
yosys_slang,regress-sv_br_gh164e_iv
yosys_slang,memories-read-write
yosys_slang,itor_function
yosys_slang,regress-sv_sv_queue_copy_empty1_iv
yosys_slang,regress-vlg_pr1612693_iv
yosys_slang,log_shl_assignment_sim_1
yosys_slang,regress-vlg_pr1913937_iv
yosys_slang,binary_op_plus
yosys_slang,bsg_misc_BaseJumpSTL_bsg_binary_plus_one_to_gray
yosys_slang,regress-sv_sv_port_default2_iv
yosys_slang,regress-vlg_elsif_test_iv
yosys_slang,regress-vlg_constfunc9_iv
yosys_slang,regress-vlg_pr1877740_iv
yosys_slang,regress-vlg_disp_part_iv
yosys_slang,regress-synth_casesynth3_iv
yosys_slang,regress-vlg_pr3098439_iv
yosys_slang,regress-synth_basicexpr4_iv
yosys_slang,regress-vlg_br_gh309_iv
yosys_slang,regress-vlg_delay3_iv
yosys_slang,empty_string
yosys_slang,number_test_25
yosys_slang,exp_operator_sim_0
yosys_slang,regress-vlg_stask_parm1_iv
yosys_slang,simple_le_operator_sim
yosys_slang,regress-vlg_delay_assign_nb2_iv
yosys_slang,regress-sv_br_gh280_iv
yosys_slang,regress-vlg_pr1978358d_iv
yosys_slang,bsg_tag_BaseJumpSTL_bsg_tag_trace_replay
yosys_slang,bsg_misc_BaseJumpSTL_bsg_counter_overflow_set_en
yosys_slang,arrays-packed-quering-functions-high
yosys_slang,bsg_clk_gen_BaseJumpSTL_bsg_dly_line
yosys_slang,regress-vlg_pr1873146_iv
yosys_slang,asicworld_code_hdl_models_arbiter
yosys_slang,regress-sv_br_gh782a_iv
yosys_slang,regress-sv_br_gh194_iv
yosys_slang,bsg_test_BaseJumpSTL_bsg_nonsynth_dpi_cycle_counter
yosys_slang,unpacked-array-reduction-method-and
yosys_slang,regress-vlg_repl_zero_wid_pass_iv
yosys_slang,regress-vlg_pr1993479_iv
yosys_slang,regress-vlg_test_bufif0_iv
yosys_slang,regress-vlg_module_nonansi_vec1_iv
yosys_slang,bsg_noc_BaseJumpSTL_bsg_router_crossbar_o_by_i
yosys_slang,normal_assignment
yosys_slang,equality_operator_sim_8
yosys_slang,variable_assignment
yosys_slang,regress-vlg_array4_iv
yosys_slang,cast_op
yosys_slang,asicworld_code_verilog_tutorial_v2k_reg
yosys_slang,class_test_18
yosys_slang,asicworld_code_hdl_models_uart
yosys_slang,regress-vlg_generate_case2_iv
yosys_slang,regress-vlg_module312B_iv
yosys_slang,bsg_dataflow_BaseJumpSTL_bsg_8b10b_encode_comb
yosys_slang,regress-vlg_pr1988302_iv
yosys_slang,regress-vlg_pr1795005a_iv
yosys_slang,cont_assignment_net_delay
yosys_slang,feof_function
yosys_slang,regress-vlg_sscanf_u_iv
yosys_slang,number_test_11
yosys_slang,regress-sv_sv_darray3_iv
yosys_slang,regress-sv_pr3390385b_iv
yosys_slang,in-line_constraints--randomize_5
yosys_slang,regress-vlg_queue_iv
yosys_slang,regress-vlg_signed_net_display_iv
yosys_slang,regress-sv_sv_class_super6_iv
yosys_slang,regress-vlg_undef_lval_select5_iv
yosys_slang,regress-vlg_pr3557493_iv
yosys_slang,regress-sv_br917a_iv
yosys_slang,bsg_mem_BaseJumpSTL_bsg_mem_1r1w_sync_mask_write_byte
yosys_slang,regress-vlg_qmark6_iv
yosys_slang,regress-vlg_pr2913416_iv
yosys_slang,regress-vlg_vector_iv
yosys_slang,unpack_stream
yosys_slang,regress-vlg_pr1823732_iv
yosys_slang,for_loop
yosys_slang,integer_signed_time
yosys_slang,asicworld_code_hdl_models_d_ff_gates
yosys_slang,regress-vlg_select8_iv
yosys_slang,regress-vlg_attrib08_mod_inst_iv
yosys_slang,regress-sv_sv_class14_iv
yosys_slang,regress-vlg_pr1682887_iv
yosys_slang,regress-vlg_gencrc_iv
yosys_slang,bsg_dataflow_BaseJumpSTL_bsg_relay_fifo
yosys_slang,regress-sv_br1025_iv
yosys_slang,regress-vlg_ifdef4_iv
yosys_slang,memories_wide_read_mixed
yosys_slang,regress-vlg_recursive_func1_iv
yosys_slang,regress-sv_br962_iv
yosys_slang,regress-sv_br_gh165_iv
yosys_slang,bsg_tag_BaseJumpSTL_bsg_tag_master
yosys_slang,regress-vlg_pr2722330a_iv
yosys_slang,regress-vlg_generate_case_iv
yosys_slang,operations-on-packed-arrays-equality
yosys_slang,xor_assignment_sim_0
yosys_slang,regress-vlg_param_and_iv
yosys_slang,regress-vlg_br_gh8_iv
yosys_slang,regress-sv_enum_base_atom2_iv
yosys_slang,regress-sv_br_gh281_iv
yosys_slang,regress-vlg_pr1946411_iv
yosys_slang,class_test_19
yosys_slang,bsg_cache_BaseJumpSTL_bsg_wormhole_to_cache_dma_inorder
yosys_slang,regress-sv_fork_join_dis_iv
yosys_slang,asicworld_code_hdl_models_tff_async_reset
yosys_slang,regress-vlg_pr1465769_iv
yosys_slang,regress-vlg_pr2166311_iv
yosys_slang,regress-vlg_br_gh99l_iv
yosys_slang,regress-vlg_comp1000_iv
yosys_slang,memories_trans_sp
yosys_slang,regress-vlg_pr1770199_iv
yosys_slang,regress-sv_sv_queue_method_signed1_iv
yosys_slang,regress-sv_sys_func_as_task_iv
yosys_slang,class_test_67
yosys_slang,regress-vlg_ptest004_iv
yosys_slang,regress-sv_sv_union1b_iv
yosys_slang,regress-sv_implicitport1_iv
yosys_slang,regress-vlg_pr1492075_iv
yosys_slang,bsg_fpu_BaseJumpSTL_bsg_fpu_i2f
yosys_slang,stream_concat
yosys_slang,bsg_link_BaseJumpSTL_bsg_link_sdr_downstream
yosys_slang,regress-vlg_br_gh199a_iv
yosys_slang,regress-sv_sv_timeunit_prec3c_iv
yosys_slang,equality_operator_sim_13
yosys_slang,regress-vlg_br_gh99b_iv
yosys_slang,regress-sv_sv_queue_assign2_iv
yosys_slang,regress-vlg_task314C_iv
yosys_slang,regress-synth_ff_dual_enable_iv
yosys_slang,string_hextoa
yosys_slang,regress-vlg_pr1875866_iv
yosys_slang,bsg_dataflow_BaseJumpSTL_bsg_round_robin_fifo_to_fifo
yosys_slang,regress-sv_sv_pkg_class_iv
yosys_slang,number_test_42
yosys_slang,regress-vlg_pr2745281_iv
yosys_slang,basic-packed-unions
yosys_slang,number_test_27
yosys_slang,floor_function
yosys_slang,regress-vlg_pr1508882_iv
yosys_slang,regress-vlg_module_nonansi_vec2_iv
yosys_slang,bsg_test_BaseJumpSTL_bsg_nonsynth_dramsim3_map
yosys_slang,number_test_59
yosys_slang,two_assignments_in_expression
yosys_slang,bsg_mem_BaseJumpSTL_bsg_mem_3r1w
yosys_slang,regress-vlg_multiply_large_iv
yosys_slang,regress-vlg_mult2_iv
yosys_slang,regress-sv_br_gh220_iv
yosys_slang,regress-sv_br_gh277b_iv
yosys_slang,regress-vlg_pr3561350_iv
yosys_slang,bsg_mem_BaseJumpSTL_bsg_mem_1rw_sync_mask_write_var
yosys_slang,bsg_mem_BaseJumpSTL_bsg_mem_1r1w_sync_banked
yosys_slang,string_concat
yosys_slang,bsg_noc_BaseJumpSTL_bsg_wormhole_router_adapter_out
yosys_slang,regress-synth_synth_if_no_else_iv
yosys_slang,regress-vlg_tern6_iv
yosys_slang,regress-vlg_pr1758135_iv
yosys_slang,regress-vlg_sdf2_iv
yosys_slang,regress-sv_implicitport5_iv
yosys_slang,parameter_port_list
yosys_slang,operations-on-unpacked-arrays-equality
yosys_slang,gt_operator_sim_1
yosys_slang,regress-vlg_varrshft_iv
yosys_slang,ge_operator_sim_0
yosys_slang,regress-sv_br_gh386a_iv
yosys_slang,non_idx_part_select
yosys_slang,arrays-packed-quering-functions-low
yosys_slang,class_test_25
yosys_slang,simple_fiedler-cooley
yosys_slang,regress-vlg_pr1077_iv
yosys_slang,regress-synth_case6_iv
yosys_slang,regress-sv_br_gh451_iv
yosys_slang,structure-replication
yosys_slang,regress-vlg_wireadd1_iv
yosys_slang,regress-vlg_br_gh531_iv
yosys_slang,equality_operator_sim_19
yosys_slang,regress-sv_br_gh433_iv
yosys_slang,regress-vlg_gen_case_opt1_iv
yosys_slang,bsg_fpu_BaseJumpSTL_bsg_fpu_f2i
yosys_slang,regress-sv_wait_fork_iv
yosys_slang,regress-vlg_delay4_iv
yosys_slang,regress-vlg_shift4_iv
yosys_slang,simple_constpower
yosys_slang,unary_op_nand
yosys_slang,regress-vlg_pr751_iv
yosys_slang,regress-vlg_drive_strength_iv
yosys_slang,bsg_clk_gen_BaseJumpSTL_bsg_edge_balanced_mux4
yosys_slang,asicworld_code_hdl_models_clk_div_45
yosys_slang,regress-vlg_always314H_iv
yosys_slang,string_atoi
yosys_slang,regress-vlg_unary_xor_iv
yosys_slang,regress-sv_sv_unpacked_port2_iv
yosys_slang,regress-vlg_pr377_iv
yosys_slang,regress-synth_blocksynth1_iv
yosys_slang,regress-vlg_porttest5_iv
yosys_slang,regress-vlg_pr1978358c_iv
yosys_slang,bsg_dataflow_BaseJumpSTL_bsg_flatten_2D_array
yosys_slang,bsg_misc_BaseJumpSTL_bsg_dff
yosys_slang,jump_return_expr
yosys_slang,simple_case_expr_non_const
yosys_slang,bsg_misc_BaseJumpSTL_bsg_counter_overflow_en
yosys_slang,regress-sv_sv_union2_iv
yosys_slang,regress-vlg_pv_wr_vec4_nb_iv
yosys_slang,copy
yosys_slang,bsg_noc_BaseJumpSTL_bsg_mesh_router
yosys_slang,bsg_mem_BaseJumpSTL_bsg_mem_2r1w_synth
yosys_slang,simple_neq_xz_operator_sim
yosys_slang,number_test_62
yosys_slang,regress-vlg_ca_pow_unsigned_iv
yosys_slang,regress-vlg_function311C_iv
yosys_slang,dist_chi_square_function
yosys_slang,dist_poisson_function
yosys_slang,regress-sv_sf_isunknown_iv
yosys_slang,bsg_misc_BaseJumpSTL_bsg_counter_set_en
yosys_slang,enum_last
yosys_slang,regress-vlg_disblock2_iv
yosys_slang,regress-vlg_pr1960575_iv
yosys_slang,discarding_soft_constraints_2
yosys_slang,bsg_misc_BaseJumpSTL_bsg_lru_pseudo_tree_encode
yosys_slang,regress-sv_sv_root_class_iv
yosys_slang,simple_sign_part_assign
yosys_slang,regress-vlg_pr569_iv
yosys_slang,atanh_function
yosys_slang,asicworld_code_verilog_tutorial_which_clock
yosys_slang,regress-sv_sv_type_param7_iv
yosys_slang,log_neq_operator_sim_1
yosys_slang,binary_op_log_or
yosys_slang,regress-sv_sv_queue_assign1_iv
yosys_slang,regress-sv_enum_order_iv
yosys_slang,regress-sv_br_gh289b_iv
yosys_slang,regress-vlg_br_gh7_iv
yosys_slang,regress-vlg_pr1819452_iv
yosys_slang,regress-synth_for_loop_synth_iv
yosys_slang,bsg_misc_BaseJumpSTL_bsg_popcount
yosys_slang,regress-sv_sv_ps_type_cast2_iv
yosys_slang,string_octtoa
yosys_slang,number_test_51
yosys_slang,wildcard_const_operator_sim_0
yosys_slang,class_test_61
yosys_slang,asicworld_code_hdl_models_gray_counter
yosys_slang,integer_unsigned_integer
yosys_slang,bsg_noc_BaseJumpSTL_bsg_wormhole_concentrator_in
yosys_slang,string_bit_array_sim
yosys_slang,regress-vlg_br916b_iv
yosys_slang,regress-vlg_pr1675789_iv
yosys_slang,simple_lt_operator_sim
yosys_slang,simple_realexpr
yosys_slang,regress-vlg_wildsense2_iv
yosys_slang,unpacked-structures-members-default-value
yosys_slang,regress-sv_br_gh391_iv
yosys_slang,bsg_misc_BaseJumpSTL_bsg_dff_en_bypass
yosys_slang,regress-sv_sv_macro3b_iv
yosys_slang,regress-vlg_br_gh316a_iv
yosys_slang,iface_class_test_0
yosys_slang,iface_class_test_9
yosys_slang,regress-vlg_pr541_iv
yosys_slang,basic-packed
yosys_slang,compiler_directives_preprocessor_macro_1
yosys_slang,regress-vlg_array_lval_select5_iv
yosys_slang,regress-vlg_ptest008_iv
yosys_slang,regress-vlg_assign_neq_iv
yosys_slang,regress-vlg_repeat2_iv
yosys_slang,cast_fn
yosys_slang,changed_gclk_function
yosys_slang,regress-synth_basicstate_iv
yosys_slang,unique0_if
yosys_slang,class_test_29
yosys_slang,associative-arrays-access-nonexistent
yosys_slang,regress-sv_sv_class16_iv
yosys_slang,dynamic-arrays-op-size
yosys_slang,regress-vlg_pr1478988_iv
yosys_slang,simple_attrib01_module
yosys_slang,regress-sv_br_gh164a_iv
yosys_slang,regress-vlg_signed_a_iv
yosys_slang,regress-sv_sv_unpacked_wire_iv
yosys_slang,bsg_mem_BaseJumpSTL_bsg_mem_1rw_sync_banked
yosys_slang,regress-vlg_lh_memcat_iv
yosys_slang,bsg_misc_BaseJumpSTL_bsg_mux_bitwise
yosys_slang,regress-vlg_qmark3_iv
yosys_slang,bsg_dataflow_BaseJumpSTL_bsg_two_fifo
yosys_slang,regress-vlg_pr487_iv
yosys_slang,bsg_misc_BaseJumpSTL_bsg_counter_up_down_variable
yosys_slang,regress-vlg_function3_iv
yosys_slang,regress-sv_array_size_iv
yosys_slang,simple_eq_operator_sim
yosys_slang,regress-vlg_pr2503208_iv
yosys_slang,regress-vlg_pr1978358_iv
yosys_slang,memories_wide_read_trans
yosys_slang,regress-vlg_pr2721213_iv
yosys_slang,associative-arrays-exists
yosys_slang,number_test_6
yosys_slang,regress-sv_sv_type_param3_iv
yosys_slang,unpacked-array-reduction-method-sum
yosys_slang,regress-vlg_assign32A_iv
yosys_slang,bsg_dataflow_BaseJumpSTL_bsg_8b10b_decode_comb
yosys_slang,typedef_test_1
yosys_slang,asicworld_code_tidbits_blocking
yosys_slang,regress-vlg_bitwidth_iv
yosys_slang,unique_case
yosys_slang,bsg_misc_BaseJumpSTL_bsg_xor
yosys_slang,function_automatic
yosys_slang,non_idx_part_select_sim
yosys_slang,regress-vlg_xnor_test_iv
yosys_slang,memories_wide_thru_priority
yosys_slang,regress-vlg_br935_iv
yosys_slang,function_return_assignment
yosys_slang,regress-sv_sv_port_default9_iv
yosys_slang,regress-sv_fileline_iv
yosys_slang,regress-vlg_sched1_iv
yosys_slang,regress-sv_enum_compatibility3_iv
yosys_slang,bsg_misc_BaseJumpSTL_bsg_wait_cycles
yosys_slang,regress-sv_sv_darray_copy_empty1_iv
yosys_slang,regress-vlg_br_gh484_iv
yosys_slang,regress-sv_br1004_iv
yosys_slang,blocking_assignment
yosys_slang,regress-vlg_pr1639971_iv
yosys_slang,regress-vlg_time3_iv
yosys_slang,integer_logic
yosys_slang,regress-sv_enum_method_signed4_iv
yosys_slang,regress-sv_br936_iv
yosys_slang,regress-vlg_attrib04_net_var_iv
yosys_slang,simple_always02
yosys_slang,pow_function
yosys_slang,memories_amber23_sram_byte_en
yosys_slang,regress-vlg_pr527_iv
yosys_slang,regress-sv_sv_class_super4_iv
yosys_slang,regress-sv_sv_type_param1_iv
yosys_slang,bsg_misc_BaseJumpSTL_bsg_lfsr
yosys_slang,cover_test
yosys_slang,simple_string_format
yosys_slang,regress-vlg_pr748_iv
yosys_slang,regress-vlg_pr985_iv
yosys_slang,assignment_sim
yosys_slang,regress-sv_sv_ap_struct1_iv
yosys_slang,regress-sv_sv_assign_pattern_op_iv
yosys_slang,simple_attrib08_mod_inst
yosys_slang,regress-sv_sv_assign_pattern_expand_iv
yosys_slang,class_test_60
yosys_slang,reorder_stream_byte
yosys_slang,regress-vlg_scope4_iv
yosys_slang,regress-vlg_pr2085984_iv
yosys_slang,regress-vlg_generate_case3_iv
yosys_slang,regress-sv_sv_string7_iv
yosys_slang,regress-vlg_force317B_iv
yosys_slang,regress-vlg_pr578_iv
yosys_slang,memories_no_implicit_en
yosys_slang,div_operator_sim_1
yosys_slang,regress-sv_br_gh568_iv
yosys_slang,fell_function
yosys_slang,regress-vlg_pr2305307c_iv
yosys_slang,pre_randomize_method_0
yosys_slang,regress-sv_sv_class17_iv
yosys_slang,ordering-methods-reverse
yosys_slang,simple_module_scope_case
yosys_slang,regress-vlg_pv_undef_sig_sel_iv
yosys_slang,regress-vlg_real2_iv
yosys_slang,regress-sv_br974a_iv
yosys_slang,attributes-module
yosys_slang,equality_operator_sim_20
yosys_slang,regress-sv_pr3390385_iv
yosys_slang,simple_mem2reg
yosys_slang,regress-fsv_casesynth7_iv
yosys_slang,number_test_33
yosys_slang,var_local
yosys_slang,regress-sv_sv_timeunit_prec3d_iv
yosys_slang,regress-vlg_pr1776485_iv
yosys_slang,bsg_misc_BaseJumpSTL_bsg_id_pool_with_reserve
yosys_slang,regress-sv_br921_iv
yosys_slang,regress-vlg_ifdef3_iv
yosys_slang,string_atohex
yosys_slang,regress-vlg_constfunc5_iv
yosys_slang,regress-vlg_param_add_iv
yosys_slang,urandom_0
yosys_slang,constraint_inheritance_0
yosys_slang,number_test_60
yosys_slang,regress-vlg_br1019_iv
yosys_slang,system-functions
yosys_slang,assign_in_expression_sim
yosys_slang,simple_operators
yosys_slang,regress-vlg_pr2043585_iv
yosys_slang,max-size
yosys_slang,operations-on-packed-arrays-variable-slice-rw
yosys_slang,regress-sv_l_equiv_const_iv
yosys_slang,regress-vlg_fr47_iv
yosys_slang,regress-vlg_pr1570635_iv
yosys_slang,regress-vlg_gate_connect1_iv
yosys_slang,typedef_test_8
yosys_slang,regress-vlg_pr1869781_iv
yosys_slang,regress-sv_sv_queue_real_bounded_iv
yosys_slang,regress-vlg_module_nonansi_time2_iv
yosys_slang,operations-on-unpacked-arrays-one-bit
yosys_slang,regress-sv_enum_value_expr_iv
yosys_slang,soft_constraint_priorities_2
yosys_slang,regress-vlg_pr1939165_iv
yosys_slang,regress-vlg_pr2605006_iv
yosys_slang,basic-tagged-packed-union
yosys_slang,regress-vlg_pr312_iv
yosys_slang,regress-vlg_pr1792108_iv
yosys_slang,regress-vlg_pr1522570_iv
yosys_slang,regress-vlg_pr1990164_iv
yosys_slang,regress-vlg_time7_iv
yosys_slang,regress-sv_sv_wildcard_import7_iv
yosys_slang,regress-sv_br_gh361_iv
yosys_slang,regress-vlg_string3_iv
yosys_slang,regress-sv_enum_ports_iv
yosys_slang,bsg_dataflow_BaseJumpSTL_bsg_fifo_1r1w_large
yosys_slang,regress-vlg_disp_leading_z_iv
yosys_slang,identifiers
yosys_slang,dyn-arr-basic
yosys_slang,regress-vlg_pr2138979c_iv
yosys_slang,asicworld_code_hdl_models_dff_async_reset
yosys_slang,regress-vlg_pr2835632b_iv
yosys_slang,bsg_dataflow_BaseJumpSTL_bsg_8b10b_shift_decoder
yosys_slang,regress-sv_br_gh164d_iv
yosys_slang,regress-vlg_casex39D_iv
yosys_slang,regress-sv_br_gh112b_iv
yosys_slang,jump_return
yosys_slang,regress-sv_sv_queue_copy_empty2_iv
yosys_slang,regress-vlg_pr902_iv
yosys_slang,nonescaped-access
yosys_slang,regress-sv_sf_countones_iv
yosys_slang,regress-vlg_dotinid_iv
yosys_slang,logical_operator_sim_7
yosys_slang,regress-vlg_unary_nand2_iv
yosys_slang,regress-vlg_lh_memcat3_iv
yosys_slang,regress-vlg_pr2358264_iv
yosys_slang,bsg_cache_BaseJumpSTL_bsg_cache_to_axi_rx
yosys_slang,bsg_dataflow_BaseJumpSTL_bsg_fifo_1r1w_small_hardened
yosys_slang,unary_op_dec_sim
yosys_slang,regress-vlg_pr1742910_iv
yosys_slang,regress-sv_sv_foreach8_iv
yosys_slang,class_member_test_19
yosys_slang,regress-sv_struct_packed_array2_iv
yosys_slang,regress-vlg_pr1740476b_iv
yosys_slang,regress-sv_sv_port_default11_iv
yosys_slang,regress-vlg_pr704_iv
yosys_slang,bsg_mem_BaseJumpSTL_bsg_nonsynth_mem_1r1w_sync_mask_write_byte_dma
yosys_slang,memories_shared_ports
yosys_slang,regress-vlg_pr1697732_iv
yosys_slang,regress-vlg_unary_lnot2_iv
yosys_slang,regress-vlg_array_packed_2d_iv
yosys_slang,regress-sv_br884_iv
yosys_slang,regress-vlg_array_lval_select4a_iv
yosys_slang,lt_operator_sim_0
yosys_slang,equality_operator_sim_0
yosys_slang,regress-vlg_string13_iv
yosys_slang,bsg_test_BaseJumpSTL_bsg_nonsynth_dpi_to_fifo
yosys_slang,regress-vlg_force317A_iv
yosys_slang,regress-vlg_pr734_iv
yosys_slang,regress-vlg_pr508_iv
yosys_slang,regress-vlg_pr540_iv
yosys_slang,regress-sv_array_string_iv
yosys_slang,regress-vlg_pr1735822_iv
yosys_slang,simple_ifdef_2
yosys_slang,regress-vlg_br967_iv
yosys_slang,minus_operator_sim_0
yosys_slang,bsg_mem_BaseJumpSTL_bsg_mem_1rw_sync_segmented
yosys_slang,regress-vlg_pr3078759_iv
yosys_slang,bsg_noc_BaseJumpSTL_bsg_mesh_stitch
yosys_slang,default-nettype
yosys_slang,regress-vlg_pr860_iv
yosys_slang,regress-sv_struct3b_iv
yosys_slang,regress-sv_task_init_assign_iv
yosys_slang,simple_graphtest
yosys_slang,regress-sv_genvar_compressed_iv
yosys_slang,regress-sv_sv_param_port_list_iv
yosys_slang,regress-vlg_pr2159630_iv
yosys_slang,regress-sv_sv_class24_iv
yosys_slang,bsg_misc_BaseJumpSTL_bsg_mul_pipelined
yosys_slang,regress-sv_sv_ps_method4_iv
yosys_slang,regress-vlg_pr1758122_iv
yosys_slang,regress-vlg_concat3_iv
yosys_slang,simple_wreduce
yosys_slang,regress-synth_conditsynth2_iv
yosys_slang,regress-vlg_pr1878909_iv
yosys_slang,falling_gclk_function
yosys_slang,regress-vlg_pr1701921_iv
yosys_slang,regress-vlg_pr3527022_iv
yosys_slang,fgets_function
yosys_slang,pragma-directive
yosys_slang,regress-sv_sv_foreach2_iv
yosys_slang,bsg_misc_BaseJumpSTL_bsg_counter_dynamic_limit_en
yosys_slang,regress-vlg_pr2924354_iv
yosys_slang,regress-sv_sv_class4_iv
yosys_slang,regress-vlg_test_extended_iv
yosys_slang,regress-vlg_muxtest_iv
yosys_slang,bsg_dataflow_BaseJumpSTL_bsg_flow_counter
yosys_slang,regress-sv_sv_darray5b_iv
yosys_slang,number_test_3
yosys_slang,bsg_cache_BaseJumpSTL_bsg_cache_dma_to_wormhole
yosys_slang,regress-vlg_pr1787394b_iv
yosys_slang,bsg_misc_BaseJumpSTL_bsg_mul_array
yosys_slang,bsg_misc_BaseJumpSTL_bsg_inv
yosys_slang,regress-sv_pr3390385c_iv
yosys_slang,cont_assignment_strength_weak1_pull0
yosys_slang,assignment_in_expression
yosys_slang,regress-vlg_pr1695334_iv
yosys_slang,regress-vlg_pr1477190_iv
yosys_slang,bsg_misc_BaseJumpSTL_bsg_tielo
yosys_slang,regress-vlg_delay5_iv
yosys_slang,regress-vlg_br_gh515_iv
yosys_slang,regress-sv_program_hello_iv
yosys_slang,regress-vlg_defparam_iv
yosys_slang,regress-vlg_unary_minus_iv
yosys_slang,arrays-packed-quering-functions-left
yosys_slang,bsg_mem_BaseJumpSTL_bsg_mem_2r1w
yosys_slang,regress-vlg_function5_iv
yosys_slang,regress-sv_named_begin_iv
yosys_slang,regress-sv_sv_queue_function1_iv
yosys_slang,bsg_mem_BaseJumpSTL_bsg_cam_1r1w_sync_unmanaged
yosys_slang,regress-vlg_pr2425055b_iv
yosys_slang,arrays-key-index
yosys_slang,regress-vlg_unary_xnor2_iv
yosys_slang,integers-unsized
yosys_slang,regress-sv_br963_iv
yosys_slang,regress-sv_br_gh167b_iv
yosys_slang,regress-vlg_pr2597278_iv
yosys_slang,regress-sv_sv_package2_iv
yosys_slang,regress-vlg_pr1868991b_iv
yosys_slang,regress-sv_sv_assign_pattern_part_iv
yosys_slang,regress-sv_sv_assign_pattern_const_iv
yosys_slang,typedef_test_2
yosys_slang,bsg_misc_BaseJumpSTL_bsg_id_pool
yosys_slang,regress-vlg_pr2138979b_iv
yosys_slang,bsg_dataflow_BaseJumpSTL_bsg_credit_to_token
yosys_slang,div_assignment_sim_1
yosys_slang,regress-vlg_pr859_iv
yosys_slang,regress-vlg_br_gh14_iv
yosys_slang,regress-sv_wild_cmp_const_iv
yosys_slang,regress-vlg_array_word_width_iv
yosys_slang,regress-vlg_delay_assign_nb_iv
yosys_slang,regress-sv_sv_var_package_iv
yosys_slang,regress-vlg_automatic_events3_iv
yosys_slang,regress-vlg_pr617_iv
yosys_slang,regress-vlg_br_gh19a_iv
yosys_slang,asicworld_code_verilog_tutorial_if_else
yosys_slang,plus_operator_sim_0
yosys_slang,regress-vlg_pr2138979d_iv
yosys_slang,regress-vlg_sdw_param1_iv
yosys_slang,regress-vlg_casez310D_iv
yosys_slang,bsg_mem_BaseJumpSTL_bsg_mem_1rw_sync_mask_write_byte
yosys_slang,log_shr_operator_sim_0
yosys_slang,regress-vlg_pr2470181b_iv
yosys_slang,regress-vlg_pr2018235a_iv
yosys_slang,regress-sv_sv_darray_word_size_iv
yosys_slang,associative-arrays-literals
yosys_slang,structure
yosys_slang,regress-vlg_sqrt32_iv
yosys_slang,bsg_dataflow_BaseJumpSTL_bsg_permute_box
yosys_slang,simple_carryadd
yosys_slang,integer_unsigned_bit
yosys_slang,task
yosys_slang,cont_assignment_delay
yosys_slang,bsg_misc_BaseJumpSTL_bsg_reduce_segmented
yosys_slang,assert_test
yosys_slang,regress-sv_sv_ps_type1_iv
yosys_slang,regress-vlg_busbug_iv
yosys_slang,regress-vlg_pr1403406a_iv
yosys_slang,regress-vlg_select7_iv
yosys_slang,regress-sv_sv_class_new_typed3_iv
yosys_slang,bsg_dataflow_BaseJumpSTL_bsg_fifo_1r1w_small
yosys_slang,soft_constraint_priorities_0
yosys_slang,number_test_24
yosys_slang,regress-vlg_pr3292735_iv
yosys_slang,unsigned_func
yosys_slang,regress-vlg_pr572_iv
yosys_slang,regress-vlg_pr2722339a_iv
yosys_slang,future_gclk_function
yosys_slang,asicworld_code_hdl_models_decoder_using_case
yosys_slang,class_member_test_26
yosys_slang,tagged_union_member_access
yosys_slang,regress-synth_basicexpr3_iv
yosys_slang,regress-vlg_qmark1_iv
yosys_slang,regress-vlg_pr2281479_iv
yosys_slang,bsg_misc_BaseJumpSTL_bsg_mul_synth
yosys_slang,regress-vlg_timeform1_iv
yosys_slang,ge_operator_sim_1
yosys_slang,regress-vlg_cmpi_iv
yosys_slang,ceil_function
yosys_slang,property_disj_test
yosys_slang,regress-synth_br994_iv
yosys_slang,cont_assignment_strength_highz1_strong0
yosys_slang,regress-sv_enum_test1_iv
yosys_slang,regress-sv_sv_packed_port1_iv
yosys_slang,unary_op_xor
yosys_slang,regress-sv_sv_class_super3_iv
yosys_slang,regress-sv_assign_op_after_cmp1_iv
yosys_slang,asicworld_code_verilog_tutorial_always_example
yosys_slang,regress-sv_br_gh105a_iv
yosys_slang,regress-vlg_br_gh99s_iv
yosys_slang,bsg_comm_link_BaseJumpSTL_bsg_assembler_out
yosys_slang,equality_operator_sim_6
yosys_slang,if_else_if
yosys_slang,asicworld_code_hdl_models_mux_using_assign
yosys_slang,regress-vlg_casex39E_iv
yosys_slang,soft_constraints_0
yosys_slang,regress-vlg_pr1703346_iv
yosys_slang,bsg_comm_link_BaseJumpSTL_bsg_source_sync_channel_control_master_master
yosys_slang,idx_neg_part_select_sim
yosys_slang,subarrays
yosys_slang,unique_if
yosys_slang,regress-sv_struct9_iv
yosys_slang,lt_operator_sim_1
yosys_slang,regress-vlg_dangling_port_iv
yosys_slang,regress-vlg_assign_mem2_iv
yosys_slang,regress-vlg_casez310B_iv
yosys_slang,simple_specify
yosys_slang,randc_modifier
yosys_slang,regress-vlg_task314E_iv
yosys_slang,regress-sv_always_latch_iv
yosys_slang,or_assignment_sim_0
yosys_slang,regress-vlg_timeform2_iv
yosys_slang,assign_in_expression
yosys_slang,integer_signed_reg
yosys_slang,regress-sv_program2_iv
yosys_slang,regress-vlg_test_notif1_iv
yosys_slang,regress-sv_sv_assign_pattern_func_iv
yosys_slang,regress-vlg_br_ml20190814_iv
yosys_slang,regress-vlg_pr2224949_iv
yosys_slang,sequential_block
yosys_slang,string-special-chars
yosys_slang,integer_unsigned_logic
yosys_slang,regress-vlg_pr3190948_iv
yosys_slang,bsg_misc_BaseJumpSTL_bsg_counter_clock_downsample
yosys_slang,bsg_cache_BaseJumpSTL_bsg_cache_non_blocking_tl_stage
yosys_slang,asicworld_code_verilog_tutorial_bus_con
yosys_slang,regress-sv_sv_void_cast3_iv
yosys_slang,regress-vlg_pr910_iv
yosys_slang,regress-sv_pr3576165_iv
yosys_slang,regress-vlg_escape3_iv
yosys_slang,enum_prev
yosys_slang,regress-vlg_pr2922063a_iv
yosys_slang,regress-sv_sv_export1_iv
yosys_slang,idx_neg_part_select
yosys_slang,regress-sv_module_nonansi_parray1_iv
yosys_slang,regress-sv_br_gh436_iv
yosys_slang,regress-vlg_npmos2_iv
yosys_slang,associative-arrays-next
yosys_slang,mul_assignment_sim_1
yosys_slang,memories_read_two_mux
yosys_slang,regress-vlg_pr590_iv
yosys_slang,regress-vlg_pr1812297_iv
yosys_slang,asicworld_code_hdl_models_GrayCounter
yosys_slang,regress-vlg_hello1_iv
yosys_slang,regress-vlg_disable36B_iv
yosys_slang,regress-vlg_pr1696137_iv
yosys_slang,regress-vlg_pr1746401_iv
yosys_slang,regress-sv_pv_wr_vec2a_nb_iv
yosys_slang,bsg_clk_gen_BaseJumpSTL_bsg_dram_clk_gen
yosys_slang,regress-vlg_cond_band_iv
yosys_slang,one_net_assign
yosys_slang,regress-vlg_pr556_iv
yosys_slang,regress-vlg_select3_iv
yosys_slang,regress-vlg_pr547_iv
yosys_slang,regress-vlg_pr2913438a_iv
yosys_slang,regress-vlg_extend_iv
yosys_slang,dist_normal_function
yosys_slang,bsg_dataflow_BaseJumpSTL_bsg_shift_reg
yosys_slang,regress-vlg_br_gh1237_iv
yosys_slang,regress-vlg_disable_fork_iv
yosys_slang,regress-sv_sv_darray_oob_string_iv
yosys_slang,bsg_mem_BaseJumpSTL_bsg_mem_2rw_sync_mask_write_byte_synth
yosys_slang,regress-vlg_pr1845683_iv
yosys_slang,bit_xor_operator_sim_0
yosys_slang,regress-sv_part_sel_port_iv
yosys_slang,regress-sv_sv_class22_iv
yosys_slang,array_addressing_sim
yosys_slang,regress-sv_sv_class_prop_shadow2_iv
yosys_slang,regress-synth_br_gh99w_iv
yosys_slang,regress-vlg_pr1960545_iv
yosys_slang,regress-vlg_fdisplay_fail_mcd_iv
yosys_slang,regress-sv_pr3390385d_iv
yosys_slang,regress-sv_br_gh72a_iv
yosys_slang,regress-vlg_pr492_iv
yosys_slang,bsg_misc_BaseJumpSTL_bsg_mul_array_row
yosys_slang,event_control_negedge
yosys_slang,log_shl_operator_sim_0
yosys_slang,regress-vlg_br_gh22_iv
yosys_slang,regress-vlg_generate_multi_loop_iv
yosys_slang,display_boh
yosys_slang,regress-vlg_pr533_iv
yosys_slang,regress-sv_sv_class21_iv
yosys_slang,regress-vlg_always314D_iv
yosys_slang,regress-vlg_pr1949025_iv
yosys_slang,regress-vlg_lh_varindx_iv
yosys_slang,regress-vlg_test_pmos_iv
yosys_slang,regress-sv_enum_base_range_iv
yosys_slang,regress-sv_sv_macro2_iv
yosys_slang,simple_bit_or_operator_sim
yosys_slang,bsg_misc_BaseJumpSTL_bsg_transpose
yosys_slang,regress-vlg_pr2434688_iv
yosys_slang,min_max_avg_delay
yosys_slang,regress-vlg_land2_iv
yosys_slang,reorder_stream_sim
yosys_slang,regress-sv_sv_typedef_array_base1_iv
yosys_slang,regress-sv_enum_base_scalar_iv
yosys_slang,typedef_test_12
yosys_slang,number_test_30
yosys_slang,regress-vlg_ram16x1_iv
yosys_slang,bsg_mem_BaseJumpSTL_bsg_mem_1r1w_one_hot
yosys_slang,regress-sv_string_index_iv
yosys_slang,regress-sv_gh161a_iv
yosys_slang,regress-vlg_unary_minus2_iv
yosys_slang,dist_uniform_function
yosys_slang,regress-sv_sv_type_param4_iv
yosys_slang,bsg_fpu_BaseJumpSTL_bsg_fpu_mul
yosys_slang,regress-vlg_pr1792152_iv
yosys_slang,sva_basic03
yosys_slang,regress-vlg_pr338_iv
yosys_slang,regress-vlg_pr1510724_iv
yosys_slang,regress-vlg_defparam3_iv
yosys_slang,regress-vlg_pr1795005b_iv
yosys_slang,ferror_function
yosys_slang,asicworld_code_verilog_tutorial_first_counter
yosys_slang,class_test_21
yosys_slang,number_test_46
yosys_slang,if
yosys_slang,regress-sv_always_comb_trig_iv
yosys_slang,bsg_cache_BaseJumpSTL_bsg_cache_miss
yosys_slang,regress-sv_sv_var_module_input2_iv
yosys_slang,regress-sv_br1003d_iv
yosys_slang,bsg_dataflow_BaseJumpSTL_bsg_sort_stable
yosys_slang,array_queries_multi_dim
yosys_slang,regress-vlg_function8_iv
yosys_slang,property_prec_test
yosys_slang,regress-vlg_cmos_iv
yosys_slang,regress-sv_br_gh289c_iv
yosys_slang,regress-sv_br959_iv
yosys_slang,binary_op_bit_and
yosys_slang,regress-vlg_param_mod_iv
yosys_slang,regress-sv_sv_typedef_fwd_class2_iv
yosys_slang,regress-vlg_include1_iv
yosys_slang,regress-vlg_pr2728547_iv
yosys_slang,regress-vlg_integer5_iv
yosys_slang,regress-vlg_pr1963960_iv
yosys_slang,bsg_mem_BaseJumpSTL_bsg_mem_1rw_sync_synth
yosys_slang,regress-vlg_tern5_iv
yosys_slang,simple_exp_operator_sim
yosys_slang,simple_loop_var_shadow
yosys_slang,regress-vlg_pr2829776b_iv
yosys_slang,regress-vlg_pr2117488_iv
yosys_slang,regress-vlg_unary_minus4_iv
yosys_slang,bsg_cache_BaseJumpSTL_bsg_cache_dma
yosys_slang,regress-vlg_pr2350934b_iv
yosys_slang,class_test_12
yosys_slang,regress-sv_struct10_iv
yosys_slang,regress-vlg_pr1990029_iv
yosys_slang,regress-sv_enum_base_integer_iv
yosys_slang,unpacked-array-reduction-method-or
yosys_slang,regress-vlg_pr2121536b_iv
yosys_slang,regress-synth_basicstate2_iv
yosys_slang,bsg_cache_BaseJumpSTL_bsg_cache_non_blocking_miss_fifo
yosys_slang,regress-vlg_test_rnmos_iv
yosys_slang,regress-sv_br_gh224_iv
yosys_slang,regress-vlg_pr1002_iv
yosys_slang,regress-vlg_pr1693890_iv
yosys_slang,struct_test_0
yosys_slang,regress-vlg_readmemh4_iv
yosys_slang,regress-vlg_param_band_iv
yosys_slang,bsg_dataflow_BaseJumpSTL_bsg_make_2D_array
yosys_slang,equality_operator_sim_7
yosys_slang,log_shl_assignment
yosys_slang,regress-vlg_pv_wr_vec4a_iv
yosys_slang,bsg_test_BaseJumpSTL_bsg_nonsynth_dpi_rom
yosys_slang,regress-vlg_pr183_iv
yosys_slang,regress-sv_struct4_iv
yosys_slang,regress-sv_enum_compatibility7_iv
yosys_slang,regress-sv_sv_string4_iv
yosys_slang,assign_in_expr
yosys_slang,net_uwire
yosys_slang,regress-fsv_br_gh567_iv
yosys_slang,equality_operator_sim_5
yosys_slang,regress-vlg_pr1598445_iv
yosys_slang,assign_in_exp
yosys_slang,regress-vlg_automatic_task2_iv
yosys_slang,number_test_14
yosys_slang,regress-vlg_pr632_iv
yosys_slang,rtoi_function
yosys_slang,bit_xor_operator_sim_1
yosys_slang,regress-vlg_br_gh18_iv
yosys_slang,binary_op_case_eq
yosys_slang,bsg_link_BaseJumpSTL_bsg_link_osdr_phy
yosys_slang,regress-vlg_br_gh793_iv
yosys_slang,equality_operator_sim_14
yosys_slang,regress-sv_br917c_iv
yosys_slang,regress-sv_br_ml20180309b_iv
yosys_slang,div_assignment
yosys_slang,regress-vlg_signed_part_iv
yosys_slang,regress-vlg_pr1637208_iv
yosys_slang,regress-sv_br_gh801_iv
yosys_slang,regress-synth_not_a_latch2_iv
yosys_slang,regress-vlg_pr1805837_iv
yosys_slang,or_assignment_sim_1
yosys_slang,log_shl_assignment_sim_0
yosys_slang,regress-vlg_powca_iv
yosys_slang,bsg_noc_BaseJumpSTL_bsg_wormhole_concentrator_out
yosys_slang,simple_loop_prefix_case
yosys_slang,regress-vlg_rise_fall_decay1_iv
yosys_slang,if_else_constraints_1
yosys_slang,simple_set_member_sim
yosys_slang,regress-vlg_pr1784984_iv
yosys_slang,regress-sv_sv_ap_struct3_iv
yosys_slang,regress-vlg_pr991_iv
yosys_slang,concat_op-bit_select
yosys_slang,regress-vlg_pr1601898_iv
yosys_slang,bsg_tag_BaseJumpSTL_bsg_tag_bitbang
yosys_slang,regress-vlg_pr3522653_iv
yosys_slang,associative-arrays-assignment
yosys_slang,memories_trans_addr_enable
yosys_slang,regress-vlg_pr1990269_iv
yosys_slang,regress-vlg_pr2215342_iv
yosys_slang,regress-sv_sf_onehot0_iv
yosys_slang,regress-vlg_pr1645518_iv
yosys_slang,regress-vlg_wireland_iv
yosys_slang,regress-sv_sv_typedef_queue_base3_iv
yosys_slang,regress-sv_br_gh337_iv
yosys_slang,integer_longint
yosys_slang,regress-sv_sv_ps_member_sel1_iv
yosys_slang,array_queries
yosys_slang,regress-vlg_pr1787423c_iv
yosys_slang,regress-vlg_ga_mod_iv
yosys_slang,regress-vlg_param_expr_iv
yosys_slang,simple_macros
yosys_slang,regress-vlg_pr1065_iv
yosys_slang,regress-vlg_event_list2_iv
yosys_slang,regress-synth_casesynth2_iv
yosys_slang,logical_operator_sim_1
yosys_slang,bsg_cache_BaseJumpSTL_bsg_cache_non_blocking_dma
yosys_slang,jump_continue
yosys_slang,asicworld_code_hdl_models_encoder_using_if
yosys_slang,regress-vlg_pr1851310_iv
yosys_slang,package_ref
yosys_slang,regress-vlg_wait2_iv
yosys_slang,regress-sv_task_init_var2_iv
yosys_slang,bsg_test_BaseJumpSTL_bsg_nonsynth_triwire
yosys_slang,regress-sv_sv_darray6_iv
yosys_slang,associative-arrays-integral
yosys_slang,asicworld_code_hdl_models_parity_using_function
yosys_slang,regress-sv_sv_var_for_iv
yosys_slang,regress-sv_br_gh477_iv
yosys_slang,bsg_clk_gen_BaseJumpSTL_bsg_clk_gen_osc
yosys_slang,regress-sv_sv_ps_method2_iv
yosys_slang,class_test_1
yosys_slang,binary_op_arith_shr
yosys_slang,regress-vlg_pr2788686_iv
yosys_slang,bsg_cache_BaseJumpSTL_bsg_cache_to_dram_ctrl_rx
yosys_slang,bsg_misc_BaseJumpSTL_bsg_dff_negedge_reset
yosys_slang,regress-vlg_uncon_drive_iv
yosys_slang,regress-sv_enum_base_time_iv
yosys_slang,regress-vlg_arithunknown_iv
yosys_slang,asicworld_code_hdl_models_rom_using_case
yosys_slang,regress-sv_sv_class_super5_iv
yosys_slang,regress-sv_extra_semicolon_iv
yosys_slang,regress-sv_enum_compatibility2_iv
yosys_slang,regress-sv_sv_queue_oob_vec2_iv
yosys_slang,regress-vlg_pr1903157_iv
yosys_slang,regress-sv_sv_port_default12_iv
yosys_slang,regress-vlg_shift1_iv
yosys_slang,asicworld_code_hdl_models_pri_encoder_using_assign
yosys_slang,regress-vlg_random_iv
yosys_slang,regress-vlg_task_bypath_iv
yosys_slang,regress-vlg_br_gh99h_iv
yosys_slang,simple_repl_op_sim
yosys_slang,regress-vlg_pr1561597_iv
yosys_slang,regress-vlg_br1000_iv
yosys_slang,simple_omsp_dbg_uart
yosys_slang,regress-sv_sv_cast_string_iv
yosys_slang,regress-sv_sv_class_new_typed1_iv
yosys_slang,class_test_56
yosys_slang,binary_op_ge
yosys_slang,bsg_mem_BaseJumpSTL_bsg_mem_2rw_sync_mask_write_byte
yosys_slang,regress-vlg_pr2722339b_iv
yosys_slang,bsg_fpu_BaseJumpSTL_bsg_fpu_preprocess
yosys_slang,regress-vlg_wait3_iv
yosys_slang,asicworld_code_hdl_models_serial_crc
yosys_slang,bsg_misc_BaseJumpSTL_bsg_locking_arb_fixed
yosys_slang,number_test_8
yosys_slang,exp_operator_sim_1
yosys_slang,regress-vlg_lh_varindx2_iv
yosys_slang,regress-vlg_undefined_shift_iv
yosys_slang,regress-vlg_pr735_iv
yosys_slang,regress-sv_sbyte_test_iv
yosys_slang,basic-unpacked-structures
yosys_slang,regress-vlg_pr2785294_iv
yosys_slang,logical_operator_sim_6
yosys_slang,regress-sv_pr3462145_iv
yosys_slang,regress-vlg_pr2909414_iv
yosys_slang,regress-sv_l_impl_iv
yosys_slang,asicworld_code_verilog_tutorial_comment
yosys_slang,simple_arrays01
yosys_slang,associative-arrays-prev
yosys_slang,regress-sv_pr3366217i_iv
yosys_slang,regress-vlg_memidx_iv
yosys_slang,regress-synth_blocksynth2_iv
yosys_slang,regress-vlg_signed1_iv
yosys_slang,regress-vlg_pr2842621_std_iv
yosys_slang,regress-vlg_pr1746848_iv
yosys_slang,regress-vlg_pr1794362_iv
yosys_slang,bsg_misc_BaseJumpSTL_bsg_counting_leading_zeros
yosys_slang,regress-vlg_always316C_iv
yosys_slang,regress-vlg_pr2971207_iv
yosys_slang,regress-sv_br_gh445_iv
yosys_slang,unary_op_nor
yosys_slang,regress-vlg_undef_lval_select_iv
yosys_slang,regress-sv_br_gh368_iv
yosys_slang,regress-sv_br_ml20180309a_iv
yosys_slang,typedef_test_18
yosys_slang,cond_op_sim
yosys_slang,bsg_cache_BaseJumpSTL_bsg_cache_buffer_queue
yosys_slang,regress-vlg_select_padding_iv
yosys_slang,simple_func_block
yosys_slang,specparam
yosys_slang,regress-vlg_rop_iv
yosys_slang,regress-vlg_pr1705027_iv
yosys_slang,bsg_misc_BaseJumpSTL_bsg_abs
yosys_slang,rose_function
yosys_slang,regress-vlg_readmemb1_iv
yosys_slang,asicworld_code_verilog_tutorial_tri_buf
yosys_slang,atan2_function
yosys_slang,regress-vlg_pr1907192_iv
yosys_slang,regress-vlg_pr2929913_iv
yosys_slang,regress-vlg_br_gh99m_iv
yosys_slang,regress-vlg_tern4_iv
yosys_slang,simple_i2c_master_tests
yosys_slang,asicworld_code_verilog_tutorial_flip_flop
yosys_slang,bsg_test_BaseJumpSTL_bsg_nonsynth_dpi_gpio
yosys_slang,regress-sv_sv_class_compat2_iv
yosys_slang,cont_assignment_strength_weak1_strong0
yosys_slang,regress-vlg_constfunc11_iv
yosys_slang,regress-sv_enum_compatibility8_iv
yosys_slang,global_constant
yosys_slang,regress-synth_partselsynth_iv
yosys_slang,regress-vlg_test_bufif1_iv
yosys_slang,regress-vlg_bitwidth2_iv
yosys_slang,bsg_fpu_BaseJumpSTL_bsg_fpu_cmp
yosys_slang,regress-vlg_shift5_iv
yosys_slang,regress-vlg_pr3098439b_iv
yosys_slang,bsg_misc_BaseJumpSTL_bsg_dlatch
yosys_slang,bsg_misc_BaseJumpSTL_bsg_wait_after_reset
yosys_slang,enum_first
yosys_slang,typedef_test_10
yosys_slang,bsg_noc_BaseJumpSTL_bsg_noc_repeater_node
yosys_slang,bsg_link_BaseJumpSTL_bsg_link_sdr
yosys_slang,unique_casex
yosys_slang,bsg_fpu_BaseJumpSTL_bsg_fpu_sticky
yosys_slang,regress-sv_cfunc_assign_op_vec_iv
yosys_slang,simple_scopes
yosys_slang,regress-vlg_pr2842621_iv
yosys_slang,resetall-directive
yosys_slang,regress-sv_sv_typedef_queue_base2_iv
yosys_slang,regress-vlg_constfunc3_iv
yosys_slang,regress-sv_sv_string9_iv
yosys_slang,regress-vlg_pr2823711_iv
yosys_slang,regress-vlg_pr1403406b_iv
yosys_slang,regress-vlg_br960a_iv
yosys_slang,simple_unary_op_xnor_1
yosys_slang,regress-vlg_cond_wide_iv
yosys_slang,regress-vlg_pr1792734_iv
yosys_slang,bsg_test_BaseJumpSTL_bsg_nonsynth_delay_line
yosys_slang,wildcard_operator_sim_1
yosys_slang,regress-sv_slongint_test_iv
yosys_slang,bsg_cache_BaseJumpSTL_bsg_cache_non_blocking_tag_mem
yosys_slang,enum_type_checking
yosys_slang,regress-vlg_br_gh19_iv
yosys_slang,regress-sv_struct_packed_sysfunct_iv
yosys_slang,regress-vlg_pr2842185_iv
yosys_slang,regress-vlg_sdw_function1_iv
yosys_slang,memories_simple_sram_byte_en
yosys_slang,integers-left-padding-bit
yosys_slang,regress-vlg_pr1565699b_iv
yosys_slang,regress-sv_sv_type_param5_iv
yosys_slang,repl_op
yosys_slang,regress-vlg_wirexor1_iv
yosys_slang,regress-vlg_br_gh15_iv
yosys_slang,regress-vlg_pr3465541_iv
yosys_slang,regress-vlg_pr2951657_iv
yosys_slang,bsg_misc_BaseJumpSTL_bsg_circular_ptr
yosys_slang,bsg_mem_BaseJumpSTL_bsg_mem_1r1w
yosys_slang,class_member_test_31
yosys_slang,regress-vlg_pr1639968_iv
yosys_slang,bsg_cache_BaseJumpSTL_bsg_cache_non_blocking_stat_mem
yosys_slang,asicworld_code_verilog_tutorial_n_out_primitive
yosys_slang,simple_rotate
yosys_slang,basic-unpacked
yosys_slang,regress-vlg_pr2355304b_iv
yosys_slang,regress-vlg_signed12_iv
yosys_slang,regress-vlg_array6_iv
yosys_slang,arith_shift_assignment_signed
yosys_slang,bsg_cache_BaseJumpSTL_bsg_wormhole_to_cache_dma_fanout
yosys_slang,changing_gclk_function
yosys_slang,typedef_test_4
yosys_slang,regress-vlg_attrib09_case_iv
yosys_slang,regress-sv_sv_class19_iv
yosys_slang,bsg_noc_BaseJumpSTL_bsg_noc_pkg
yosys_slang,bsg_comm_link_BaseJumpSTL_bsg_assembler_in
yosys_slang,regress-vlg_sdf5_iv
yosys_slang,regress-vlg_sdf1_iv
yosys_slang,regress-vlg_pr1002a_iv
yosys_slang,net_tri
yosys_slang,regress-vlg_escape2b_iv
yosys_slang,regress-vlg_always314C_iv
yosys_slang,regress-vlg_select5_iv
yosys_slang,regress-sv_sv_sign_cast2_iv
yosys_slang,bsg_misc_BaseJumpSTL_bsg_unconcentrate_static
yosys_slang,bsg_dataflow_BaseJumpSTL_bsg_flow_convert
yosys_slang,regress-vlg_pr3098439a_iv
yosys_slang,constraint_guards_0
yosys_slang,regress-sv_sv_darray1_iv
yosys_slang,case
yosys_slang,regress-sv_sv_port_default10_iv
yosys_slang,regress-vlg_pr2715547_iv
yosys_slang,regress-vlg_taskscope_iv
yosys_slang,asicworld_code_verilog_tutorial_parity
yosys_slang,regress-sv_br_gh112f_iv
yosys_slang,regress-vlg_idiv3_iv
yosys_slang,regress-vlg_pr708_iv
yosys_slang,regress-vlg_pr224a_iv
yosys_slang,regress-vlg_monitor_iv
yosys_slang,regress-sv_sv_darray4_iv
yosys_slang,regress-vlg_pr2991457_iv
yosys_slang,regress-sv_sv_wildcard_import1_iv
yosys_slang,regress-vlg_pr3527694_iv
yosys_slang,integer_signed_shortint
yosys_slang,if_else_constraints_2
yosys_slang,bsg_dataflow_BaseJumpSTL_bsg_scatter_gather
yosys_slang,bsg_dataflow_BaseJumpSTL_bsg_round_robin_n_to_1
yosys_slang,regress-vlg_constmult_iv
yosys_slang,regress-vlg_pr2358848_iv
yosys_slang,constraint_blocks_0
yosys_slang,string_repl_op
yosys_slang,adding_constraints_to_scope_variables_0
yosys_slang,simple_unary_op_or
yosys_slang,regress-vlg_pr2986528_iv
yosys_slang,regress-vlg_pr2425055a_iv
yosys_slang,regress-vlg_pr2276163_iv
yosys_slang,regress-vlg_constfunc15_iv
yosys_slang,cont_assignment_strength_strong1_strong0
yosys_slang,regress-vlg_pr2036953_iv
yosys_slang,isunbounded_function
yosys_slang,class_test_7
yosys_slang,arith_shr_assignment
yosys_slang,fell_gclk_function
yosys_slang,regress-vlg_pr2117473_iv
yosys_slang,regress-vlg_pr273_iv
yosys_slang,regress-sv_scalar_vector_iv
yosys_slang,simple_attrib04_net_var
yosys_slang,regress-vlg_always314B_iv
yosys_slang,bsg_misc_BaseJumpSTL_bsg_cycle_counter
yosys_slang,sva_sva_value_change_changed_wide
yosys_slang,regress-vlg_defparam35_iv
yosys_slang,class_test_66
yosys_slang,regress-vlg_pr1924845_iv
yosys_slang,regress-vlg_assign_ge_iv
yosys_slang,operations-on-unpacked-arrays-rw
yosys_slang,regress-vlg_meminit2_iv
yosys_slang,log_eq_operator_sim_0
yosys_slang,typedef_test_27
yosys_slang,binary_op_log_imp
yosys_slang,regress-vlg_pr1822658_iv
yosys_slang,regress-sv_sv_var_task_iv
yosys_slang,regress-vlg_defparam2_iv
yosys_slang,regress-vlg_pr1565544_iv
yosys_slang,bsg_misc_BaseJumpSTL_bsg_nand
yosys_slang,regress-vlg_memassign_iv
yosys_slang,regress-vlg_pr1875866b_iv
yosys_slang,parameter_aggregate
yosys_slang,typedef_test_0
yosys_slang,regress-synth_inside_synth2_iv
yosys_slang,regress-vlg_sdw_function5_iv
yosys_slang,regress-sv_size_cast_iv
yosys_slang,regress-vlg_rise_fall_delay2_iv
yosys_slang,simple_arraycells
yosys_slang,bsg_cache_BaseJumpSTL_bsg_cache_non_blocking
yosys_slang,regress-vlg_automatic_events_iv
yosys_slang,class_test_27
yosys_slang,regress-vlg_pr690_iv
yosys_slang,bsg_tag_BaseJumpSTL_bsg_tag_client_unsync
yosys_slang,bsg_cache_BaseJumpSTL_bsg_cache_decode
yosys_slang,bsg_dmc_BaseJumpSTL_bsg_dmc_sys_cfg_gen
yosys_slang,regress-vlg_macro_replacement_iv
yosys_slang,regress-vlg_sel_rval_part_ob_iv
yosys_slang,regress-vlg_specify3_iv
yosys_slang,array-unpacked-assignments
yosys_slang,regress-vlg_pr2148401_iv
yosys_slang,regress-sv_sv_timeunit_prec4b_iv
yosys_slang,regress-vlg_task314D_iv
yosys_slang,regress-sv_sv_foreach1_iv
yosys_slang,regress-sv_module_nonansi_int1_iv
yosys_slang,equality_operator_sim_23
yosys_slang,regress-sv_module_nonansi_enum1_iv
yosys_slang,regress-vlg_pr2824189_iv
yosys_slang,typedef_test_6
yosys_slang,regress-sv_sv_typedef_array_base3_iv
yosys_slang,regress-vlg_pr3582052_iv
yosys_slang,regress-vlg_string2_iv
yosys_slang,bsg_clk_gen_BaseJumpSTL_bsg_clk_gen
yosys_slang,regress-vlg_pr3309391_iv
yosys_slang,regress-sv_sv_root_task_iv
yosys_slang,regress-vlg_br919_iv
yosys_slang,regress-vlg_pr2973532_iv
yosys_slang,regress-sv_sv_union3_iv
yosys_slang,bsg_misc_BaseJumpSTL_bsg_hashing_ipoly
yosys_slang,regress-vlg_pr2091455_iv
yosys_slang,regress-sv_simple_int_iv
yosys_slang,regress-vlg_pr2248925_iv
yosys_slang,iface_class_test_10
yosys_slang,regress-sv_sv_packed_port2_iv
yosys_slang,regress-vlg_resetall2_iv
yosys_slang,regress-vlg_pr1530426_iv
yosys_slang,bsg_cache_BaseJumpSTL_bsg_cache_to_dram_ctrl_tx
yosys_slang,bsg_dataflow_BaseJumpSTL_bsg_1_to_n_tagged_fifo
yosys_slang,bsg_axi_BaseJumpSTL_bsg_axi_pkg
yosys_slang,regress-vlg_always314E_iv
yosys_slang,regress-vlg_assign_nb2_iv
yosys_slang,bsg_cache_BaseJumpSTL_bsg_cache
yosys_slang,regress-vlg_ga_xor_iv
yosys_slang,builtin-methods-string
yosys_slang,class_test_58
yosys_slang,sva_basic02
yosys_slang,enum_typedef
yosys_slang,bsg_mem_BaseJumpSTL_bsg_mem_1rw_sync_mask_write_bit_from_1r1w
yosys_slang,integer_integer
yosys_slang,explicit_external_constraint_0
yosys_slang,wildcard_const_operator_sim_4
yosys_slang,regress-vlg_pr1698820_iv
yosys_slang,regress-sv_br_gh164b_iv
yosys_slang,regress-vlg_escape4b_iv
yosys_slang,cover_final_test
yosys_slang,regress-sv_sv_ap_parray3_iv
yosys_slang,regress-sv_br_gh129_iv
yosys_slang,regress-vlg_task314A_iv
yosys_slang,regress-vlg_sched2_iv
yosys_slang,regress-sv_sv_union1_iv
yosys_slang,bsg_noc_BaseJumpSTL_bsg_wormhole_router_output_control
yosys_slang,bsg_mem_BaseJumpSTL_bsg_mem_1rw_sync_mask_write_bit
yosys_slang,regress-sv_br_gh661b_iv
yosys_slang,simple_unary_op_xnor_2
yosys_slang,regress-sv_simple_longint_iv
yosys_slang,regress-vlg_pr529_iv
yosys_slang,regress-vlg_pr872_iv
yosys_slang,regress-vlg_mem2port_iv
yosys_slang,regress-sv_br973_iv
yosys_slang,bsg_misc_BaseJumpSTL_bsg_buf
yosys_slang,bsg_test_BaseJumpSTL_bsg_nonsynth_dramsim3
yosys_slang,regress-vlg_decl_assign1_iv
yosys_slang,regress-sv_br_gh130b_iv
yosys_slang,non_blocking_assignment
yosys_slang,regress-vlg_pow_signed_iv
yosys_slang,string_realtoa
yosys_slang,regress-vlg_pr1676071_iv
yosys_slang,regress-vlg_constadd2_iv
yosys_slang,regress-vlg_pr1353345b_iv
yosys_slang,unpacked-array-reduction-method-product
yosys_slang,regress-sv_struct1_iv
yosys_slang,bsg_mem_BaseJumpSTL_bsg_mem_1r1w_synth
yosys_slang,cos_function
yosys_slang,binary_op_lt
yosys_slang,regress-vlg_pr1695257_iv
yosys_slang,regress-vlg_urand_r3_iv
yosys_slang,escaped-identifiers
yosys_slang,regress-vlg_blankport_iv
yosys_slang,wildcard_const_operator_sim_1
yosys_slang,regress-vlg_br_gh209_iv
yosys_slang,regress-sv_sv_ps_type_cast1_iv
yosys_slang,casez
yosys_slang,regress-sv_br_mw20200501_iv
yosys_slang,regress-vlg_disp_dec2_iv
yosys_slang,regress-vlg_pr1570451_iv
yosys_slang,regress-vlg_pr2355304_iv
yosys_slang,regress-vlg_pr524_iv
yosys_slang,regress-sv_func_empty_arg3_iv
yosys_slang,asicworld_code_hdl_models_parity_using_bitwise
yosys_slang,regress-vlg_eeq_iv
yosys_slang,regress-sv_br_gh177b_iv
yosys_slang,regress-vlg_const_iv
yosys_slang,regress-vlg_br955_iv
yosys_slang,asicworld_code_verilog_tutorial_counter
yosys_slang,bsg_dataflow_BaseJumpSTL_bsg_fifo_reorder
yosys_slang,regress-vlg_pr1948342_iv
yosys_slang,regress-vlg_gen_case_opt2_iv
yosys_slang,regress-vlg_br_gh99u_iv
yosys_slang,regress-synth_pr519_iv
yosys_slang,log_neq_operator_sim_0
yosys_slang,dowhile_loop
yosys_slang,regress-vlg_br_gh99o_iv
yosys_slang,class_member_test_0
yosys_slang,regress-synth_multireg_iv
yosys_slang,regress-vlg_andnot1_iv
yosys_slang,bsg_noc_BaseJumpSTL_bsg_wormhole_router_packet_parser
yosys_slang,regress-vlg_disp_parm_iv
yosys_slang,regress-vlg_param_binv_iv
yosys_slang,regress-sv_program3_iv
yosys_slang,regress-vlg_undef_lval_select4a_iv
yosys_slang,regress-vlg_for316A_iv
yosys_slang,class_member_test_18
yosys_slang,regress-vlg_br1027_iv
yosys_slang,regress-vlg_pr2202706b_iv
yosys_slang,parameter
yosys_slang,wildcard_operator_sim_6
yosys_slang,binary_op_wild_neq
yosys_slang,regress-sv_sv_class_extends_scoped_iv
yosys_slang,regress-vlg_vardly_iv
yosys_slang,regress-sv_sv_export2_iv
yosys_slang,regress-sv_sv_timeunit_prec3a_iv
yosys_slang,string_getc
yosys_slang,basic-tagged-union
yosys_slang,binary_op_log_and
yosys_slang,regress-vlg_scope1_iv
yosys_slang,bit_or_operator_sim_1
yosys_slang,logical_operator_sim_4
yosys_slang,bsg_misc_BaseJumpSTL_bsg_nor2
yosys_slang,regress-vlg_casez310E_iv
yosys_slang,asicworld_code_tidbits_syn_reset
yosys_slang,regress-vlg_pr2350988_iv
yosys_slang,or_assignment
yosys_slang,bsg_noc_BaseJumpSTL_bsg_mesh_to_ring_stitch
yosys_slang,regress-sv_sv_class12_iv
yosys_slang,regress-vlg_always314F_iv
yosys_slang,regress-sv_sv_string5_iv
yosys_slang,regress-vlg_pr1026_iv
yosys_slang,regress-vlg_lh_memcat2_iv
yosys_slang,function
yosys_slang,regress-sv_enum_in_class_iv
yosys_slang,regress-vlg_br_gh28_iv
yosys_slang,regress-vlg_pr307_iv
yosys_slang,regress-vlg_pr1691709_iv
yosys_slang,regress-vlg_sdw_function2_iv
yosys_slang,regress-vlg_string9_iv
yosys_slang,regress-sv_sv_typedef_fwd_enum3_iv
yosys_slang,regress-sv_br_gh460_iv
yosys_slang,regress-vlg_br948_iv
yosys_slang,regress-sv_sv_port_default3_iv
yosys_slang,regress-vlg_fopen1_iv
Yosys,regress-vlg_pr2722339b_iv
